bin,lower,upper,count,mean_probability,observed_rate,low_support,variant
0,0.0,0.1,791,0.046033215864721,0.021491782553729456,False,raw
1,0.1,0.2,286,0.144301103424852,0.055944055944055944,False,raw
2,0.2,0.3,160,0.2455446263653212,0.08125,False,raw
3,0.3,0.4,117,0.3442738341569942,0.1111111111111111,False,raw
4,0.4,0.5,99,0.4487353720711156,0.1414141414141414,False,raw
5,0.5,0.6,85,0.5511436298960505,0.16470588235294117,False,raw
6,0.6,0.7,61,0.6494375464695455,0.16393442622950818,False,raw
7,0.7,0.8,83,0.7466542281606487,0.25301204819277107,False,raw
8,0.8,0.9,48,0.848000464334414,0.4166666666666667,False,raw
9,0.9,1.0,3,0.9043924148511645,0.3333333333333333,True,raw
0,0.0,0.1,1410,0.027672767292570916,0.04893617021276596,False,sigmoid
1,0.1,0.2,145,0.1438102195755645,0.13793103448275862,False,sigmoid
2,0.2,0.3,80,0.2526173924375476,0.175,False,sigmoid
3,0.3,0.4,68,0.34442240888966635,0.35294117647058826,False,sigmoid
4,0.4,0.5,30,0.44485221751956394,0.4,False,sigmoid
5,0.5,0.6,0,,,False,sigmoid
6,0.6,0.7,0,,,False,sigmoid
7,0.7,0.8,0,,,False,sigmoid
8,0.8,0.9,0,,,False,sigmoid
9,0.9,1.0,0,,,False,sigmoid
