repeat,rows,raw_ap,calibrated_ap,raw_brier,calibrated_brier,brier_change
1,1701,0.25178658251825836,0.25178658251825836,0.10868986268205334,0.06813826168931623,-0.04055160099273711
2,1736,0.21823708706344486,0.21823708706344486,0.11857823693476852,0.07170466414724012,-0.0468735727875284
3,1736,0.24477171200168601,0.24477171200168601,0.11571001000203028,0.06807479241796172,-0.047635217584068565
4,1738,0.2634602061961433,0.2634602061961433,0.10649023744557821,0.06532794634094595,-0.04116229110463227
5,1738,0.2956516413828255,0.2956516413828255,0.10916522151950075,0.062041377487151564,-0.047123844032349205
6,1738,0.21186173843090053,0.21186173843090053,0.11246886526068917,0.06686500028832773,-0.04560386497236142
7,1728,0.3054175331445674,0.3054175331445674,0.10955474126163536,0.06252442143541735,-0.04703031982621803
8,1742,0.24808173505850153,0.24808173505850153,0.10938210099708795,0.05820408568980802,-0.051178015307279945
9,1731,0.280804570089033,0.280804570089033,0.11353041056148716,0.06278101812205923,-0.05074939243942792
10,1752,0.29864140521652144,0.29864140521652144,0.10866994659158893,0.070649362520378,-0.03802058407121093
11,1736,0.264905262181901,0.264905262181901,0.11538326377663313,0.06786643720437624,-0.04751682657225691
12,1713,0.25268788749436616,0.25268788749436616,0.11569627095614372,0.06530332197060261,-0.050392948985541114
13,1713,0.23907296259666527,0.23907296259666527,0.11372293511490704,0.06314775087372322,-0.05057518424118381
14,1729,0.2819995119877574,0.2819995119877574,0.11302879024901197,0.07271826100554338,-0.04031052924346857
15,1705,0.22394531364452083,0.22394531364452083,0.12281379196704653,0.07052230299583828,-0.052291488971208264
16,1725,0.312248113179889,0.312248113179889,0.11331676862473934,0.06521375945217127,-0.04810300917256806
17,1745,0.26478877997897177,0.26478877997897177,0.1082771592315684,0.06608049022127051,-0.04219666901029789
18,1709,0.2246111146059203,0.2246111146059203,0.11866603017318018,0.06829525581967932,-0.050370774353500854
19,1716,0.2663408476840762,0.2663408476840762,0.10728977676679227,0.06508558894039036,-0.04220418782640191
20,1727,0.28878751615520454,0.28878751615520454,0.12024637721694825,0.07342142423100735,-0.04682495298594091
21,1735,0.24529937273368402,0.24529937273368402,0.11932461023824119,0.0689573823315864,-0.05036722790665483
22,1747,0.33779230469770916,0.33779230469770916,0.10563221157486202,0.06767768542194812,-0.037954526152913885
23,1743,0.2506613828926045,0.2506613828926045,0.12139558076818271,0.0722495430436027,-0.04914603772458
24,1747,0.24010891860278158,0.24010891860278158,0.11235788455393193,0.06245758585801528,-0.04990029869591665
25,1722,0.2910031054550458,0.2910031054550458,0.11784821852133646,0.07171162791824377,-0.0461365906030927
26,1751,0.32447552893739384,0.32447552893739384,0.1163982882239656,0.07944581767659091,-0.03695247054737468
27,1725,0.2799251166809473,0.2799251166809473,0.12075568362166028,0.06502538509861606,-0.055730298523044224
28,1736,0.27366216474549654,0.27366216474549654,0.11628931546502602,0.07025613914213293,-0.046033176322893096
29,1730,0.23428820955912463,0.23428820955912463,0.11682058453055769,0.06431503718477713,-0.05250554734578057
30,1755,0.2760563502472304,0.2760563502472304,0.11220006933116121,0.07198067395871673,-0.04021939537244448
31,1723,0.27129340500974575,0.27129340500974575,0.1074644899791623,0.05696236016198026,-0.05050212981718206
32,1722,0.2669750289559541,0.2669750289559541,0.11510274955254969,0.06797557380028674,-0.04712717575226295
33,1725,0.26123439767526346,0.26123439767526346,0.10934346907509344,0.06456258115262982,-0.04478088792246362
34,1729,0.24377102549091856,0.24377102549091856,0.11167716621892854,0.06403232755226312,-0.04764483866666541
35,1725,0.25925108905646854,0.25925108905646854,0.1103760811325336,0.060101239424732694,-0.05027484170780092
36,1708,0.27621770321099137,0.27621770321099137,0.11687581959603804,0.0710406033142122,-0.04583521628182584
37,1735,0.29321342749278245,0.29321342749278245,0.10478260512132861,0.06615569052456235,-0.038626914596766246
38,1726,0.26133108932101845,0.26133108932101845,0.1143084812894018,0.06553267721023526,-0.04877580407916655
39,1730,0.25175355581162717,0.25175355581162717,0.1193120410954077,0.07291641442763844,-0.04639562666776926
40,1716,0.2769221432305447,0.2769221432305447,0.10787684463807375,0.06821226300647365,-0.039664581631600096
41,1707,0.28507511864178087,0.28507511864178087,0.11404997798040077,0.07239098177894511,-0.04165899620145566
42,1751,0.32336566194313954,0.32336566194313954,0.1103425043427739,0.06607864419719153,-0.04426386014558237
43,1733,0.2197166822152464,0.2197166822152464,0.11748897836211289,0.06712993657829226,-0.05035904178382062
44,1731,0.29591464535283796,0.29591464535283796,0.10954421889390323,0.06733887587493344,-0.04220534301896978
45,1721,0.2959689816142862,0.2959689816142862,0.10643166743706924,0.0577528968442299,-0.048678770592839336
46,1735,0.27165914106372163,0.27165914106372163,0.11863539445166182,0.06981012613300053,-0.048825268318661276
47,1730,0.26370225973602474,0.26370225973602474,0.1043729790061647,0.060851671263149026,-0.04352130774301568
48,1753,0.275118657818123,0.275118657818123,0.11005934073165642,0.06977048989843665,-0.04028885083321976
49,1720,0.28711362714355476,0.28711362714355476,0.11296805056493744,0.06630414455392579,-0.04666390601101166
50,1730,0.26386328357976874,0.26386328357976874,0.11384329662652201,0.06953912397001889,-0.04430417265650309
51,1734,0.32009360837441503,0.32009360837441503,0.10413760102299947,0.06412355711071088,-0.04001404391228859
52,1738,0.28179866847387297,0.28179866847387297,0.10501392667423186,0.06455666135267905,-0.040457265321552804
53,1744,0.2356357614827621,0.2356357614827621,0.11237378648967485,0.0669884067329705,-0.04538537975670434
54,1747,0.1922372248612523,0.1922372248612523,0.1115194912440932,0.059239973332284035,-0.052279517911809154
55,1727,0.2507798901471478,0.2507798901471478,0.11573618605627795,0.07221480858248897,-0.04352137747378897
56,1729,0.2826040620787333,0.2826040620787333,0.12293951799573626,0.0755603733946904,-0.04737914460104584
57,1732,0.24648820177759503,0.24648820177759503,0.11196531328285833,0.06440010155002318,-0.047565211732835136
58,1735,0.21332400810071608,0.21332400810071608,0.11397559946166028,0.0632110133339835,-0.05076458612767678
59,1747,0.2997773960169223,0.2997773960169223,0.11148369392766215,0.06748836190403662,-0.04399533202362553
60,1732,0.24585981421591763,0.24585981421591763,0.11232915161168787,0.06579195688552712,-0.04653719472616074
61,1727,0.3045261186038309,0.3045261186038309,0.10869383155554069,0.06449790105431408,-0.04419593050122663
62,1741,0.2795130209779706,0.2795130209779706,0.11570307596464822,0.07051980693435503,-0.0451832690302932
63,1738,0.28135271804996825,0.28135271804996825,0.11160220512093291,0.07419002237765705,-0.03741218274327586
64,1740,0.3194606147617863,0.3194606147617863,0.11348963415809467,0.07057266555526373,-0.04291696860283093
65,1727,0.2583205339481868,0.2583205339481868,0.11616505809169476,0.06994850122538016,-0.046216556866314616
66,1728,0.27658128982365104,0.27658128982365104,0.10844515457784226,0.06386752509680796,-0.04457762948103429
67,1732,0.2601341461652706,0.2601341461652706,0.11052584785036758,0.06407393099295693,-0.04645191685741065
68,1723,0.2305684072883708,0.2305684072883708,0.11993232704063042,0.07111857196987224,-0.048813755070758184
69,1732,0.2986591124734759,0.2986591124734759,0.11222203777185934,0.06323293879523369,-0.04898909897662565
70,1736,0.36633042057241505,0.36633042057241505,0.11096587714598326,0.06715155831141066,-0.043814318834572576
71,1736,0.2726037630601942,0.2726037630601942,0.11798683256114427,0.07082632858876614,-0.04716050397237812
72,1701,0.2406420567624835,0.2406420567624835,0.1139975832604249,0.0679062498763168,-0.0460913333841081
73,1747,0.27168679335937396,0.27168679335937396,0.11095418670462925,0.07013441382568354,-0.04081977287894571
74,1730,0.2976818518601782,0.2976818518601782,0.11263573794855092,0.07091151688860235,-0.04172422105994856
75,1738,0.3036979010381183,0.3036979010381183,0.11185026333677109,0.06680287188881998,-0.04504739144795112
76,1732,0.19745322026926587,0.19745322026926587,0.11478545157489818,0.06156016912209554,-0.05322528245280263
77,1719,0.2330213154662949,0.2330213154662949,0.11675061700185076,0.07130088106858905,-0.04544973593326168
78,1716,0.23520181800067733,0.23520181800067733,0.11966919572257166,0.06295801273569689,-0.056711182986874775
79,1729,0.27742008714920185,0.27742008714920185,0.11703368971364705,0.06684711521773722,-0.05018657449590985
80,1739,0.2920008115616926,0.2920008115616926,0.1135616959466036,0.07240585482232671,-0.04115584112427687
81,1699,0.27163542770036375,0.27163542770036375,0.11610646378693878,0.06951289620692293,-0.04659356758001585
82,1728,0.1970101103709418,0.1970101103709418,0.12051785508335339,0.06709137794671778,-0.053426477136635606
83,1750,0.30210327084743316,0.30210327084743316,0.11201687334330979,0.06892600353597374,-0.043090869807336056
84,1718,0.2676269263128902,0.2676269263128902,0.11109743394413049,0.06461052093166804,-0.04648691301246245
85,1707,0.263570001008802,0.263570001008802,0.11009310955115122,0.06920682885197763,-0.040886280699173584
86,1742,0.26659821373250014,0.26659821373250014,0.11692264272348385,0.06615359162554658,-0.050769051097937286
87,1740,0.23867044360483547,0.23867044360483547,0.11446777988123331,0.06426239934370048,-0.05020538053753281
88,1735,0.2471848408305168,0.2471848408305168,0.1173702515552973,0.06726315972414383,-0.05010709183115348
89,1729,0.2859435206367835,0.2859435206367835,0.11152881696462544,0.06623276815685712,-0.045296048807768316
90,1763,0.206463977548537,0.206463977548537,0.11328458147360027,0.06668184728826827,-0.046602734185332007
91,1718,0.30034027154556653,0.30034027154556653,0.11331706348437018,0.0722503975529122,-0.04106666593145799
92,1738,0.24211176484896618,0.24211176484896618,0.12414717067456384,0.07277803326844452,-0.0513691374061193
93,1710,0.26905140387262516,0.26905140387262516,0.11319489834041198,0.06335193349700959,-0.049842964843402386
94,1727,0.2672228061238878,0.2672228061238878,0.11438780517206652,0.060203315017711166,-0.05418449015435537
95,1734,0.2992487467287625,0.2992487467287625,0.122500165044707,0.07490510617872535,-0.04759505886598163
96,1723,0.2981800301145772,0.2981800301145772,0.10236783219347861,0.06425572380542578,-0.03811210838805284
97,1705,0.31557063577585137,0.31557063577585137,0.11436835809093177,0.07831030895559114,-0.036058049135340636
98,1718,0.24227222988149438,0.24227222988149438,0.1166158531343791,0.07316633403934468,-0.04344951909503443
99,1715,0.21098542457995445,0.21098542457995445,0.10837413047767652,0.06749492091495668,-0.04087920956271986
100,1757,0.2897206710749149,0.2897206710749149,0.10923790002221877,0.07195073139796844,-0.03728716862425033
101,1729,0.2735899387869678,0.2735899387869678,0.10833149343019391,0.06833708448794011,-0.0399944089422538
102,1753,0.2558379851429461,0.2558379851429461,0.11392916318470524,0.06249499112090918,-0.051434172063796045
103,1752,0.1950381889961521,0.1950381889961521,0.11039578660329724,0.05725146232754851,-0.053144324275748715
104,1723,0.22599115391027094,0.22599115391027094,0.12034804724363174,0.06898897984826982,-0.05135906739536191
105,1718,0.3441325763707005,0.3441325763707005,0.1055892003641418,0.06695777942225006,-0.03863142094189172
106,1729,0.24035985355510045,0.24035985355510045,0.10932595477807396,0.06657841905383383,-0.042747535724240136
107,1705,0.26149491853261597,0.26149491853261597,0.11994693012908998,0.06897703487169811,-0.05096989525739188
108,1741,0.27190147209590765,0.27190147209590765,0.11177118700929164,0.06653057600600604,-0.04524061100328562
109,1729,0.25890684613527737,0.25890684613527737,0.11517865765517246,0.06574188333635021,-0.04943677431882223
110,1719,0.31210192068687365,0.31210192068687365,0.11364062796084096,0.0693940760509612,-0.04424655190987975
111,1741,0.2584580082564971,0.2584580082564971,0.11085372290440174,0.07495046773873838,-0.035903255165663374
112,1714,0.26071777866187057,0.26071777866187057,0.10741937420724136,0.05724000338048481,-0.05017937082675655
113,1711,0.247442166790408,0.247442166790408,0.11716430006481347,0.06942937328327346,-0.047734926781539996
114,1733,0.2911348685590579,0.2911348685590579,0.10652233347295222,0.06206414896291804,-0.04445818451003417
115,1731,0.25869101435357106,0.25869101435357106,0.11008336441879515,0.06926705489896569,-0.04081630951982948
116,1723,0.2321224778694979,0.2321224778694979,0.1131216703389093,0.05721450547185512,-0.05590716486705415
117,1752,0.24555771075462413,0.24555771075462413,0.11881673048678579,0.07470635285885271,-0.04411037762793307
118,1720,0.2583771582971899,0.2583771582971899,0.113312076288552,0.0637726265733862,-0.04953944971516581
119,1740,0.23829174493086186,0.23829174493086186,0.11925169174920687,0.06922703684655906,-0.05002465490264782
120,1719,0.28313232364857227,0.28313232364857227,0.11933760146883594,0.07076326791026416,-0.04857433355857179
121,1738,0.2521839379434581,0.2521839379434581,0.10917478779454581,0.06166779133942896,-0.047506996455116864
122,1727,0.21713697632335607,0.21713697632335607,0.12021547278387826,0.06931104844685873,-0.050904424337019534
123,1754,0.3082824865880388,0.3082824865880388,0.1095188364109414,0.0620567385389821,-0.04746209787195932
124,1759,0.24591958061283115,0.24591958061283115,0.10958032473611512,0.06519104470648779,-0.04438928002962732
125,1749,0.2567522578996527,0.2567522578996527,0.11642148745480696,0.07107253202494686,-0.0453489554298601
126,1734,0.28386540603546007,0.28386540603546007,0.10754024358870562,0.06704251035319897,-0.04049773323550662
127,1735,0.2776020668844616,0.2776020668844616,0.10867985127722982,0.06190449759524053,-0.0467753536819893
128,1746,0.27639991361478433,0.27639991361478433,0.11353428054343215,0.06624907266104152,-0.047285207882390615
129,1698,0.29608035848798153,0.29608035848798153,0.11397909072896008,0.07196222286431046,-0.0420168678646496
130,1740,0.25958978658317045,0.25958978658317045,0.11445924274573316,0.07398303203631734,-0.0404762107094158
131,1735,0.2387161819884666,0.2387161819884666,0.1103321236978183,0.061000403079862334,-0.04933172061795596
132,1714,0.30228051576308046,0.30228051576308046,0.11074130239263222,0.06546969856583668,-0.045271603826795535
133,1723,0.27560103633329713,0.27560103633329713,0.11442183299448365,0.06884987611600239,-0.04557195687848126
134,1738,0.26743350835753926,0.26743350835753926,0.11184773116215506,0.06621951098152692,-0.045628220180628135
135,1740,0.22203323207018383,0.22203323207018383,0.1112062696645326,0.06519895940876558,-0.046007310255767035
136,1697,0.28621708507831023,0.28621708507831023,0.12015987106071015,0.07447048448037229,-0.045689386580337846
137,1747,0.3043380483710101,0.3043380483710101,0.11029111640019632,0.06297198754009818,-0.04731912886009813
138,1732,0.17222702291395955,0.17222702291395955,0.12305688674629921,0.07074829450241972,-0.05230859224387947
139,1713,0.2834109572950266,0.2834109572950266,0.11580389278535062,0.06922941221801054,-0.04657448056734008
140,1725,0.3402761450528969,0.3402761450528969,0.10251663318054337,0.06244791049494803,-0.04006872268559533
141,1738,0.2594793980525714,0.2594793980525714,0.11830191721633575,0.07544280559648842,-0.04285911161984731
142,1702,0.21123022741569336,0.21123022741569336,0.11675089966151372,0.06827568519068877,-0.04847521447082493
143,1729,0.22293946342658558,0.22293946342658558,0.11469481143147117,0.0627349548920758,-0.05195985653939536
144,1742,0.2595438762473741,0.2595438762473741,0.10574374168212117,0.05901337470589414,-0.046730366976227025
145,1740,0.2940372079550424,0.2940372079550424,0.10976881083554489,0.0699377674441567,-0.03983104339138821
146,1732,0.23722253829053142,0.23722253829053142,0.11020073595740501,0.056978615954135406,-0.05322212000326962
147,1717,0.20723750332365315,0.20723750332365315,0.11311041798143552,0.05893407299196306,-0.054176344989472464
148,1741,0.21889341308894017,0.21889341308894017,0.11165526293982359,0.07192890460618327,-0.03972635833364032
149,1732,0.28805764677815127,0.28805764677815127,0.11801101775760536,0.07282593855123073,-0.04518507920637465
150,1730,0.3232992111565768,0.3232992111565768,0.10967411787955748,0.07209712534732987,-0.03757699253222761
151,1715,0.23197171282957713,0.23197171282957713,0.11989975145701913,0.07018504407771042,-0.04971470737930872
152,1724,0.32646870384334975,0.32646870384334975,0.10588385929253642,0.05906687523263586,-0.04681698405990057
153,1709,0.23977955642695117,0.23977955642695117,0.1148975338232763,0.06968805542636212,-0.04520947839691419
154,1719,0.2863401828947964,0.2863401828947964,0.1113075672788734,0.06815219994656013,-0.043155367332313274
155,1709,0.2374141680720473,0.2374141680720473,0.1160442663629609,0.06720775804743578,-0.04883650831552513
156,1756,0.2661409830612189,0.2661409830612189,0.11655365684553913,0.0677778385175068,-0.04877581832803234
157,1734,0.3029951289829369,0.3029951289829369,0.11201493316704443,0.07141102633743633,-0.040603906829608086
158,1727,0.27605051678095593,0.27605051678095593,0.1110382695302263,0.06677306603684391,-0.04426520349338239
159,1740,0.29176921922512183,0.29176921922512183,0.1078762195467368,0.06584120347879893,-0.04203501606793786
160,1729,0.2277870449838752,0.2277870449838752,0.1147074868316665,0.06781778010810634,-0.046889706723560166
161,1720,0.19366787892174264,0.19366787892174264,0.11877105796195125,0.06842158361770175,-0.05034947434424954
162,1737,0.2897525543821703,0.2897525543821703,0.11047712204754769,0.06535297923507424,-0.045124142812473456
163,1755,0.3531033973448306,0.3531033973448306,0.10905580588904475,0.07434099062117128,-0.03471481526787345
164,1730,0.23613820840635422,0.23613820840635422,0.11661984919746764,0.0679568878423288,-0.04866296135513883
165,1711,0.26020620918542886,0.26020620918542886,0.11564952177858832,0.06651436479810414,-0.04913515698048417
166,1737,0.2000829690256435,0.2000829690256435,0.11630610000634607,0.06778322563666775,-0.04852287436967831
167,1737,0.3201543615448135,0.3201543615448135,0.10174799870945293,0.05770858413994594,-0.044039414569507
168,1718,0.3295507729512519,0.3295507729512519,0.12324265031760358,0.07275521636919054,-0.050487433948413055
169,1723,0.25616971394488197,0.25616971394488197,0.11336134976602144,0.06853295603303494,-0.044828393732986506
170,1735,0.2642221297140087,0.2642221297140087,0.11348328879993884,0.06709916537897823,-0.046384123420960634
171,1727,0.23695834725307247,0.23695834725307247,0.1150087839487612,0.06613960312746682,-0.04886918082129439
172,1732,0.24977485441614092,0.24977485441614092,0.11028331931468024,0.0649392419969965,-0.045344077317683744
173,1727,0.26503585254152723,0.26503585254152723,0.11679139218998075,0.06943312797970343,-0.0473582642102773
174,1763,0.2889908852815593,0.2889908852815593,0.1083703789751841,0.05923335811989785,-0.049137020855286255
175,1739,0.2692844329992442,0.2692844329992442,0.11893333965617021,0.07461126567537439,-0.0443220739807958
176,1735,0.2970242648372722,0.2970242648372722,0.1085919435787718,0.06583249808983177,-0.04275944548894001
177,1749,0.24737797565163414,0.24737797565163414,0.11149807302416521,0.06164746993853446,-0.04985060308563075
178,1741,0.22508601640071785,0.22508601640071785,0.11362892253703089,0.0664947148554798,-0.0471342076815511
179,1734,0.2502826450963095,0.2502826450963095,0.11331144777346164,0.06550668401897637,-0.047804763754485266
180,1717,0.2674318285578807,0.2674318285578807,0.11485575066175494,0.0675559435129824,-0.04729980714877253
181,1730,0.2685711431681504,0.2685711431681504,0.11249174972973783,0.06422238993024076,-0.04826935979949707
182,1721,0.333624369174312,0.333624369174312,0.11429447844896663,0.07110435081078265,-0.043190127638184
183,1721,0.2437143717569811,0.2437143717569811,0.11365699076250697,0.06585302999248134,-0.04780396077002565
184,1723,0.2547912750407088,0.2547912750407088,0.11190983394948595,0.06832149943455068,-0.043588334514935254
185,1737,0.2789594677769058,0.2789594677769058,0.10962419920522813,0.06775979187579066,-0.04186440732943747
186,1724,0.22545181650167323,0.22545181650167323,0.12211046498191015,0.06483437401481695,-0.05727609096709321
187,1742,0.3408806578417359,0.3408806578417359,0.11635521258739875,0.06816822862677367,-0.048186983960625096
188,1715,0.3301145621209652,0.3301145621209652,0.11184735475506694,0.0696109102646106,-0.04223644449045635
189,1718,0.2963661544156901,0.2963661544156901,0.113179445455076,0.06845662524949996,-0.044722820205576046
190,1730,0.22070550201418,0.22070550201418,0.11876004491852941,0.06981825763784699,-0.04894178728068243
191,1737,0.3030767048479599,0.3030767048479599,0.10881033408926835,0.0643316289825433,-0.04447870510672505
192,1727,0.217151620771018,0.217151620771018,0.11717428793638056,0.06891330073950168,-0.048260987196878886
193,1743,0.26436818687550623,0.26436818687550623,0.1228227235560813,0.07054747101622705,-0.05227525253985425
194,1726,0.2871603775651975,0.2871603775651975,0.11527160390994774,0.06992614989091107,-0.045345454019036675
195,1710,0.20642620330073153,0.20642620330073153,0.11171956653495232,0.06771009665194101,-0.0440094698830113
196,1727,0.22749582476240987,0.22749582476240987,0.11692791650544918,0.06888264833178813,-0.04804526817366105
197,1737,0.31933793479500894,0.31933793479500894,0.10883131886131057,0.06801731465881916,-0.04081400420249141
198,1727,0.21701668182272166,0.21701668182272166,0.11433623215129737,0.06062260093598298,-0.053713631215314396
199,1733,0.24126651864714577,0.24126651864714577,0.11708345297364171,0.06754253657202214,-0.049540916401619575
200,1725,0.3115933985480936,0.3115933985480936,0.11302309961274427,0.06936237968509183,-0.04366071992765245
