feature_group,columns,mean_ap_drop,repeat_sd,training_gain,baseline_ap,repeats,rows,source,drop_1,drop_2,drop_3
bureau_score,bureau_score,0.12698100252029423,0.023464274052268044,8922.670051574707,0.2586772403693424,3,1733,LIVE,0.12746774888984297,0.15019811665523974,0.10327714201579996
dti,dti,0.0690449740634914,0.02003071593695445,6423.516386985779,0.2586772403693424,3,1733,LIVE,0.04625646804360947,0.07701248284846976,0.08386597129839499
loan_amount_sar,loan_amount_sar,0.013982725515496517,0.009503741136544548,2372.285861968994,0.2586772403693424,3,1733,LIVE,0.006127239452691335,0.024546702390597974,0.011274234703200242
savings_balance_sar,savings_balance_sar,0.009420972182816187,0.0032081942296612737,2129.8893456459045,0.2586772403693424,3,1733,LIVE,0.0112934294434556,0.011252944786247554,0.00571654231874541
prior_defaults,prior_defaults,0.006453661597687195,0.002107075439568363,1109.2766160964966,0.2586772403693424,3,1733,LIVE,0.004692925269959403,0.005879855564215386,0.008788203958886798
recent_inquiries,recent_inquiries,0.006401531271758539,0.008935852183618921,902.9509115219116,0.2586772403693424,3,1733,LIVE,0.010870887452543082,0.01222092642069364,-0.003887220057961105
income_sar,income_sar,0.006240099445141599,0.005764759335387514,2214.561897277832,0.2586772403693424,3,1733,LIVE,0.010390766276074243,0.008671585733067477,-0.0003420536737169244
utilization_ratio,utilization_ratio,0.005742541958763318,0.0010618730323615955,2035.9451451301575,0.2586772403693424,3,1733,LIVE,0.005909302092797164,0.004607155413567876,0.006711168369924914
region_indicators_joint,region_central|region_western|region_eastern,0.004743791124849887,0.001975986673045915,360.972505569458,0.2586772403693424,3,1733,LIVE,0.00384979184224038,0.0070087834212760325,0.0033727981110332483
months_employed,months_employed,0.0025095777210010586,0.004408401653348274,2482.226363182068,0.2586772403693424,3,1733,LIVE,0.007442601991665909,0.0011307046783907704,-0.0010445735070535034
salary_transfer,salary_transfer,0.0015262874300667935,0.0019304748505719058,583.312611579895,0.2586772403693424,3,1733,LIVE,0.000646268937246508,0.003739967654395715,0.0001926256985581576
employment_private,employment_private,0.0007293831803528531,0.001606217984134906,72.7829008102417,0.2586772403693424,3,1733,LIVE,0.002134921484161334,0.001074603899560822,-0.0010213758426635966
residence_years,residence_years,-0.0001265030462149023,0.001772958259756779,849.8466939926147,0.2586772403693424,3,1733,LIVE,0.0004120482529352265,-0.0021062911524758476,0.0013147337608959142
employment_self_employed,employment_self_employed,-0.000228147888434449,0.0010145618101895127,167.28329753875732,0.2586772403693424,3,1733,LIVE,-0.00048562663266860095,0.0008903460941269148,-0.0010891631267616608
employment_government,employment_government,-0.00031110895419637446,0.00032097080313826614,162.2140998840332,0.2586772403693424,3,1733,LIVE,-0.0005606701038725626,-0.0004236292029903277,5.0972444273766904e-05
num_open_accounts,num_open_accounts,-0.0003146137240989111,0.0036759026986522233,1313.211814403534,0.2586772403693424,3,1733,LIVE,-0.004148025060619509,2.3808448164797102e-05,0.0031803754401579787
age,age,-0.0017846781002727556,0.0038623484466842493,1374.4155282974243,0.2586772403693424,3,1733,LIVE,-0.0052448296645498105,-0.0024914545680208566,0.0023822499317524004
credit_history_months,credit_history_months,-0.004529468905510499,0.00408073146573011,2053.218288421631,0.2586772403693424,3,1733,LIVE,-0.008856063775989076,-0.0007497550896745642,-0.003982587850867858
tenor_months,tenor_months,-0.005382777352027061,0.0028798981475770704,691.4224004745483,0.2586772403693424,3,1733,LIVE,-0.002508588969084513,-0.008268351503641524,-0.005371391583355145
existing_obligations_sar,existing_obligations_sar,-0.009664726111283847,0.008878013100675345,2666.2587218284607,0.2586772403693424,3,1733,LIVE,0.0004042376342621723,-0.013031546917196157,-0.016366869050917554
