application_id,probability,decision
CH-000278,0.11410351191616222,0
CH-001412,0.12092244044242416,0
CH-001444,0.055586720495714836,0
CH-002174,0.053425879101917095,0
CH-002260,0.07717419693922083,0
CH-000592,0.054347475687406895,0
CH-000708,0.06535473841427915,0
CH-000803,0.05737134103685492,0
CH-000892,0.05336668617946047,0
CH-001348,0.06719411389205626,0
CH-001454,0.05802666495719261,0
CH-001657,0.05881688787114895,0
CH-002295,0.07360354291153574,0
CH-000148,0.23114425428314234,1
CH-000393,0.19362768744567058,1
CH-001064,0.06477088153014138,0
CH-001245,0.06231990032104602,0
CH-001405,0.05709906930040981,0
CH-001710,0.062030185304654886,0
CH-001779,0.05998848733356547,0
CH-001884,0.15644458857986182,1
CH-002081,0.05810215117128581,0
CH-000032,0.05903237501041777,0
CH-000270,0.0530930361081324,0
CH-000753,0.05976150344704856,0
CH-000956,0.07907308798204439,0
CH-001047,0.059845154815081986,0
CH-001268,0.18478014623102215,1
CH-001669,0.06251400152347071,0
CH-002026,0.3502625428714074,1
CH-000144,0.14926522746572227,1
CH-000805,0.05414998047182217,0
CH-000991,0.07259623729946268,0
CH-001121,0.06925362602530857,0
CH-001124,0.09496527669786535,0
CH-001212,0.076719359067423,0
CH-001797,0.07930996101382808,0
CH-002352,0.055228942804126976,0
CH-002468,0.05712683930699045,0
CH-000277,0.08611029473864766,0
CH-000478,0.05885652549162019,0
CH-000846,0.05571180874386728,0
CH-000957,0.06501973759805545,0
CH-001206,0.17239204679720294,1
CH-001735,0.056599806928148026,0
CH-001809,0.054228934139541767,0
CH-001960,0.05304445439407654,0
CH-002486,0.07290633923048961,0
CH-000066,0.16878064291696263,1
CH-000506,0.07882796924088518,0
CH-000513,0.07502087323136869,0
CH-000664,0.05927648246539658,0
CH-000912,0.06472880112426461,0
CH-001065,0.169585318720591,1
CH-001072,0.05344646203159084,0
CH-002362,0.10234292628159691,0
CH-000457,0.05744847896075349,0
CH-000587,0.10431198406105133,0
CH-000814,0.07759487670410585,0
CH-001284,0.06802015920828276,0
CH-001305,0.059727417030882086,0
CH-001310,0.0933815230626957,0
CH-001476,0.05433424440005048,0
CH-002080,0.05495154763489238,0
CH-002413,0.05875359038234729,0
CH-002416,0.0778965510686124,0
CH-000469,0.05233391666638595,0
CH-000802,0.06038159604561888,0
CH-000835,0.056343680453479754,0
CH-002219,0.07088005256478126,0
CH-000063,0.052805727496128226,0
CH-000873,0.0670671465198859,0
CH-001266,0.07219160570064737,0
CH-001540,0.06266294480568298,0
CH-001567,0.06961686432909121,0
CH-002094,0.05595227194192353,0
CH-002485,0.05941520365967032,0
CH-000064,0.07431975382243884,0
CH-000404,0.054884713658751076,0
CH-000425,0.06492904450571031,0
CH-000623,0.21004188901373305,1
CH-000834,0.09293127123654842,0
CH-000967,0.05886539652803223,0
CH-001069,0.0591655519976658,0
CH-001144,0.07433081564241843,0
CH-001511,0.08932655949945473,0
CH-001642,0.10937958675806417,0
CH-001966,0.08313940177125287,0
CH-002246,0.0734076503446852,0
CH-002443,0.3717488607776753,1
CH-000079,0.05417011985445476,0
CH-000610,0.07492065867963334,0
CH-001641,0.05578669921207163,0
CH-001670,0.05590881419136098,0
CH-001784,0.05730697248497748,0
CH-001806,0.05977309508425629,0
CH-000611,0.06043132781157544,0
CH-000880,0.27659034658091636,1
CH-001332,0.05643970773665542,0
CH-001630,0.05367041331143087,0
CH-001999,0.05422804213209354,0
CH-002042,0.06464579430248675,0
CH-000312,0.06755613073540713,0
CH-000620,0.1223762956150667,0
CH-000989,0.06330323765844789,0
CH-001186,0.6700663964230649,1
CH-001368,0.05618794439166718,0
CH-001843,0.06789757527458118,0
CH-002428,0.06223348370290038,0
CH-001214,0.06309165090583417,0
CH-001650,0.0615411070092902,0
CH-001774,0.09673292714132362,0
CH-000002,0.06419801927029942,0
CH-001496,0.07832950900247143,0
CH-001510,0.05445020738951427,0
CH-001532,0.22386427882744134,1
CH-001608,0.06369956395865632,0
CH-001661,0.06143610677106726,0
CH-001839,0.10697579815455374,0
CH-001866,0.06197118333093246,0
CH-001997,0.055714705628353976,0
CH-002072,0.08831547569099822,0
CH-002270,0.09577211676038996,0
CH-000188,0.06377836160491993,0
CH-000226,0.10149151725060741,0
CH-000670,0.06982550738809562,0
CH-001224,0.06462506754987357,0
CH-001336,0.0752979626747367,0
CH-001410,0.05608376064233073,0
CH-001504,0.052906726778019345,0
CH-001633,0.05702924361092548,0
CH-001867,0.05903554827025399,0
CH-002044,0.06025623639288689,0
CH-002054,0.055825165433225965,0
CH-000367,0.10866832066496364,0
CH-000521,0.0793035544601486,0
CH-001173,0.0947023414561833,0
CH-001639,0.061687523423701804,0
CH-001700,0.11420836857250015,0
CH-000085,0.0599175503340676,0
CH-000114,0.0530221360260597,0
CH-000562,0.07115145710511393,0
CH-000857,0.0742543516035603,0
CH-000914,0.2752511919722864,1
CH-000995,0.05315757273466204,0
CH-001093,0.055952696781944665,0
CH-001554,0.1569110095267589,1
CH-001765,0.06982221466871052,0
CH-001952,0.05530463277571475,0
CH-002380,0.05584647611116752,0
CH-002434,0.05819984583952468,0
CH-000227,0.05297923896501165,0
CH-000298,0.20422362845724412,1
CH-000504,0.08170316405211177,0
CH-001108,0.05275811483962049,0
CH-001204,0.056321313496545525,0
CH-001573,0.06438378273455539,0
CH-001718,0.1194987887052013,0
CH-001755,0.058162611884438116,0
CH-001775,0.05990721361440346,0
CH-001885,0.05774223537320907,0
CH-002160,0.054052604256650594,0
CH-002266,0.12482975656176239,0
CH-002330,0.05722842505936425,0
CH-000028,0.053541278590044074,0
CH-000133,0.06777495434273569,0
CH-000248,0.3659917075373098,1
CH-001154,0.05768847239446795,0
CH-001328,0.05360938853783284,0
CH-001648,0.07221327836743038,0
CH-001890,0.06289850774186304,0
CH-001915,0.07873865404641557,0
CH-000031,0.06651568769381588,0
CH-000068,0.09112711929986379,0
CH-000129,0.06108915702159136,0
CH-000305,0.06312454913749987,0
CH-000414,0.06527761555996912,0
CH-000902,0.05432078637816057,0
CH-000916,0.1160624008391128,0
CH-001075,0.08569870234725332,0
CH-001100,0.08024065919208938,0
CH-000212,0.07486499149145458,0
CH-000455,0.05588188840865487,0
CH-000652,0.11425498857570951,0
CH-000725,0.08459963005773573,0
CH-000762,0.05654739137552119,0
CH-000932,0.05763718009136433,0
CH-001208,0.0572335144772494,0
CH-001361,0.7801854489291795,1
CH-001506,0.2797912161754123,1
CH-001585,0.06441327692424145,0
CH-002102,0.06978177788060509,0
CH-002227,0.0662331855413548,0
CH-002285,0.05457974592512231,0
CH-002364,0.062490045305870046,0
CH-002417,0.08776116436312614,0
CH-000578,0.060639265194521424,0
CH-001074,0.059808338992936305,0
CH-001803,0.05465914888681197,0
CH-002239,0.05719870408191682,0
CH-002331,0.07120641876925161,0
CH-000001,0.06400040861853899,0
CH-000111,0.1838183684362408,1
CH-000119,0.1081299128380406,0
CH-000694,0.19777636860514386,1
CH-001000,0.052929637634223856,0
CH-001087,0.3321799879858798,1
CH-001428,0.06889901316144119,0
CH-001853,0.05637205798270045,0
CH-002135,0.14107252566089146,1
CH-002150,0.06634990842540962,0
CH-002348,0.05348867109368726,0
CH-002427,0.05619285851015065,0
CH-000057,0.05506149608344923,0
CH-000073,0.057984300563410404,0
CH-000442,0.05911641074451778,0
CH-001039,0.05601852798795439,0
CH-001455,0.34712685296304024,1
CH-001605,0.07326407938033344,0
CH-001747,0.059244425966940545,0
CH-002124,0.1389540639593149,1
CH-002435,0.06104464454662623,0
CH-000041,0.053980510658432186,0
CH-000137,0.0568592574199957,0
CH-000345,0.07189334872027005,0
CH-000409,0.05772884830419517,0
CH-000737,0.056368887024419924,0
CH-000755,0.12500344545902647,0
CH-001099,0.07263840082605218,0
CH-001243,0.056399392985918895,0
CH-001257,0.07427698190708155,0
CH-001440,0.0682166128395772,0
CH-001558,0.08373205990737433,0
CH-001667,0.11267139823679301,0
CH-001850,0.06593269674675445,0
CH-001924,0.08754162811873374,0
CH-002370,0.25780093811369154,1
CH-002419,0.06294957635816091,0
CH-002460,0.10771316636878865,0
CH-000183,0.054081886068773156,0
CH-000968,0.09250694290385712,0
CH-001780,0.056301546457961746,0
CH-001854,0.05349624045433897,0
CH-002217,0.10188357623668491,0
CH-002392,0.05313473919979549,0
CH-000076,0.05426548052206434,0
CH-000371,0.053857557560155554,0
CH-000432,0.07535806658486303,0
CH-000482,0.09796113174237027,0
CH-000551,0.05628168423991838,0
CH-001133,0.05889596672453912,0
CH-001505,0.05594593350703633,0
CH-001666,0.053435691610230644,0
CH-002178,0.2966916800002401,1
CH-000295,0.532647857778711,1
CH-001005,0.05996024882716494,0
CH-001338,0.054144430684600134,0
CH-001600,0.05382286637067728,0
CH-001638,0.06609124826483648,0
CH-001942,0.054038088678755994,0
CH-002216,0.06552358882247478,0
CH-002224,0.08858737717551969,0
CH-002269,0.05529025853740298,0
CH-002339,0.054932512098504006,0
CH-000191,0.05604081676123341,0
CH-000255,0.05779416595709746,0
CH-000301,0.05776900483192995,0
CH-000590,0.0597454676200062,0
CH-000712,0.0530880656833343,0
CH-000993,0.06462516551086644,0
CH-001027,0.058933331323269146,0
CH-001068,0.06563966075393333,0
CH-001499,0.10577405524377619,0
CH-001502,0.10764348084969579,0
CH-000284,0.09387032503240333,0
CH-000726,0.05963071508467735,0
CH-001022,0.05869603735268406,0
CH-001584,0.119940079909547,0
CH-001798,0.060597261794517944,0
CH-001810,0.06377016726065575,0
CH-002121,0.059277995328335616,0
CH-002292,0.12039350419680615,0
CH-002429,0.06043582605867463,0
CH-000140,0.056135306640004885,0
CH-000200,0.06579819377203794,0
CH-000649,0.10446164228013463,0
CH-000656,0.10631728536834613,0
CH-000822,0.07386352093549445,0
CH-000860,0.06813655807965285,0
CH-001235,0.062097116264516874,0
CH-002028,0.06898878956788126,0
CH-002188,0.0785348615873731,0
CH-002310,0.053257398567950726,0
CH-002358,0.06077949171086898,0
CH-002430,0.07321658096168726,0
CH-000005,0.060390532768948395,0
CH-000034,0.09389235541618561,0
CH-000692,0.055992287924172233,0
CH-000959,0.3723875690223111,1
CH-001055,0.06556516398309437,0
CH-001085,0.10030654684589885,0
CH-001096,0.054998356970648254,0
CH-001606,0.06576713310091883,0
CH-001789,0.052659845748461796,0
CH-002062,0.05388275429715275,0
CH-002092,0.06513874121362662,0
CH-002185,0.05344336301724751,0
CH-002396,0.05283159785660189,0
CH-000192,0.05476112557799483,0
CH-000217,0.05727353713999124,0
CH-000372,0.055477720324763856,0
CH-000624,0.06681337759926469,0
CH-000646,0.05485982538851911,0
CH-000697,0.05630301754091217,0
CH-000819,0.059864471598568426,0
CH-000885,0.05352413388828231,0
CH-000891,0.06291161583376421,0
CH-001228,0.05304581369900543,0
CH-001397,0.05547884918854923,0
CH-001471,0.0595533430047728,0
CH-001937,0.2680011732090031,1
CH-001940,0.07951299982774974,0
CH-002229,0.055251326818770936,0
CH-000182,0.05953231879697305,0
CH-000314,0.053000568213216866,0
CH-000686,0.065644225836053,0
CH-000987,0.0983615550134098,0
CH-001024,0.062221806876028164,0
CH-001233,0.06134948798573794,0
CH-002004,0.06160530277794921,0
CH-000260,0.06690980061991968,0
CH-000323,0.1345578813371178,1
CH-000343,0.08531044789340453,0
CH-000607,0.07176041029123005,0
CH-000801,0.21462142136764356,1
CH-000926,0.062066635420686356,0
CH-001102,0.05626092182622502,0
CH-001528,0.06043928142663739,0
CH-001659,0.07309703698624578,0
CH-000935,0.26129689174402265,1
CH-001016,0.06710248256656412,0
CH-001398,0.05873715504210177,0
CH-001435,0.07121198152940347,0
CH-002015,0.06160112492288041,0
CH-001415,0.07532471853391437,0
CH-001462,0.1697821964523071,1
CH-001709,0.07004682707030234,0
CH-001769,0.053553839262022375,0
CH-000276,0.0630575853743119,0
CH-000732,0.054904010222200116,0
CH-000792,0.054671846127166156,0
CH-001122,0.06457673728895498,0
CH-001514,0.059292743696210626,0
CH-001826,0.05663663827248044,0
CH-001863,0.05789660335559476,0
CH-002039,0.05348651217057629,0
CH-000163,0.0687971938531581,0
CH-000811,0.06180414825061643,0
CH-001260,0.0970677860053558,0
CH-001841,0.06219690886746262,0
CH-002204,0.05371920329274811,0
CH-002275,0.05586119301755421,0
CH-000717,0.7904018620835169,1
CH-001051,0.06552255320610903,0
CH-001503,0.053227074560954594,0
CH-001635,0.0620234416291565,0
CH-001738,0.12126384541903971,0
CH-002311,0.2247181523007466,1
CH-002473,0.07052376318425692,0
CH-000025,0.07989990683419136,0
CH-000113,0.05504093010611711,0
CH-000123,0.057291913300281834,0
CH-000366,0.06119877346285339,0
CH-001038,0.05628481741330403,0
CH-001782,0.054345376736717764,0
CH-001945,0.05637532585463745,0
CH-001970,0.08512589336555314,0
CH-002001,0.40732839335896415,1
CH-002177,0.05559701406965683,0
CH-002209,0.06890191747554844,0
CH-002220,0.05286599145638069,0
CH-002287,0.05895350622873324,0
CH-002383,0.0573423701631036,0
CH-000179,0.05606690105058276,0
CH-000207,0.05927337004901294,0
CH-000272,0.06283453254218337,0
CH-000447,0.05516462035620211,0
CH-000990,0.0972880985686952,0
CH-001120,0.4022514369540098,1
CH-001251,0.06919765753601502,0
CH-002000,0.05336097547358706,0
CH-002142,0.07266769948007978,0
CH-002343,0.06217224467009717,0
CH-002375,0.14314988277434912,1
CH-002425,0.06408306883435191,0
CH-000109,0.0608251948338073,0
CH-000524,0.058753787153639395,0
CH-000525,0.06669157050658552,0
CH-000667,0.056471186612721054,0
CH-000771,0.057475471197750094,0
CH-001118,0.05714450938161797,0
CH-001175,0.12095856793568258,0
CH-001565,0.05946802797638491,0
CH-001653,0.07542047063649633,0
CH-000147,0.36588086569227307,1
CH-001116,0.10773560250953938,0
CH-001468,0.06595147215721782,0
CH-001548,0.057263390370936335,0
CH-001566,0.06341030026991654,0
CH-001724,0.5710154287746639,1
CH-001874,0.06355097463559838,0
CH-002172,0.08335774787293651,0
CH-002214,0.059089759032773075,0
CH-002267,0.06453240348198049,0
CH-000082,0.05541169647197806,0
CH-000398,0.05343236393881446,0
CH-000569,0.06893452372521112,0
CH-001457,0.06604480634117094,0
CH-001611,0.055623474749119835,0
CH-001758,0.05392813917408318,0
CH-002132,0.08956499239530137,0
CH-002166,0.06211859284477203,0
CH-002351,0.05679181665592424,0
CH-000020,0.08243371140742582,0
CH-000545,0.5421620482227404,1
CH-000619,0.06362524318217407,0
CH-000949,0.074701904999161,0
CH-001536,0.05449416234793721,0
CH-001814,0.05837225088983407,0
CH-002156,0.06640838794048297,0
CH-002288,0.05493070060798921,0
CH-000201,0.08245041154028875,0
CH-000363,0.0639361830285133,0
CH-000621,0.08327791598577138,0
CH-000870,0.11403978868498707,0
CH-000871,0.06318101192183631,0
CH-001351,0.06698267073339319,0
CH-001617,0.1038342388559302,0
CH-001834,0.06237289983065858,0
CH-001903,0.05932522469017462,0
CH-002006,0.056168756637217425,0
CH-002162,0.08282713290920146,0
CH-000156,0.05677822994318497,0
CH-000256,0.07613956355700226,0
CH-000287,0.0716014477823681,0
CH-000418,0.0863945847973951,0
CH-000832,0.26414876278209337,1
CH-001112,0.08386032304011092,0
CH-001698,0.06982144480250253,0
CH-002122,0.06973158414799181,0
CH-002496,0.05542612232672683,0
CH-000240,0.05993939292209265,0
CH-000364,0.13087699404552675,1
CH-000462,0.09290220140195934,0
CH-000515,0.06283108600297062,0
CH-000522,0.06486752359675503,0
CH-000780,0.1254214721513468,0
CH-001460,0.05789196189473286,0
CH-001651,0.07282874532611626,0
CH-001926,0.13600508824763738,1
CH-000015,0.05339614516696989,0
CH-000403,0.05461016446027093,0
CH-001046,0.07157198623672185,0
CH-001292,0.13646885483782864,1
CH-002134,0.05346297343404879,0
CH-002389,0.0561402802376935,0
CH-000142,0.052993883861843824,0
CH-000220,0.10321330110272843,0
CH-000335,0.06767323622168275,0
CH-000542,0.09361420951131905,0
CH-000874,0.05517582020729883,0
CH-001089,0.06768495657327997,0
CH-001188,0.09260506577601424,0
CH-001209,0.27799222657581246,1
CH-001219,0.05707836734359214,0
CH-001979,0.05660910745913804,0
CH-002337,0.05484304760741651,0
CH-002350,0.07966211143027527,0
CH-000375,0.05765211533142014,0
CH-000684,0.055204691685289305,0
CH-000955,0.05874481599775079,0
CH-001195,0.0759832161713407,0
CH-001865,0.07961870004638102,0
CH-002321,0.05704127155955044,0
CH-000538,0.05614671848738993,0
CH-001030,0.0806226353093234,0
CH-002052,0.05566810445469665,0
CH-002153,0.057073561392981934,0
CH-002335,0.11182864200493638,0
CH-000118,0.05358477272293846,0
CH-000474,0.16732937072998869,1
CH-000850,0.05719057358579801,0
CH-000919,0.061662812269947555,0
CH-001207,0.06781710987638503,0
CH-001523,0.05531567348446069,0
CH-002454,0.057691620120540486,0
CH-000424,0.06132530150169957,0
CH-000671,0.07870792915366041,0
CH-000999,0.05619505899541837,0
CH-001149,0.05718466923449365,0
CH-001712,0.16766873826539888,1
CH-001778,0.06066437588754331,0
CH-001832,0.09306231867381055,0
CH-002414,0.08555644546258455,0
CH-000541,0.060117210419795335,0
CH-000629,0.17315917650681778,1
CH-001448,0.05538613602233201,0
CH-001686,0.0974413617841584,0
CH-000035,0.06041514335398883,0
CH-000100,0.1728749982185367,1
CH-000230,0.10490981962636131,0
CH-000281,0.10128287201696132,0
CH-000334,0.10606255872732416,0
CH-000575,0.057208682967272446,0
CH-000768,0.0576943592829841,0
CH-000854,0.21333349429817383,1
CH-001294,0.06155873087706863,0
CH-001314,0.05917047959648244,0
CH-001787,0.09580191636900413,0
CH-001842,0.0602337591371543,0
CH-002211,0.10270813452646854,0
CH-002237,0.05600602219215799,0
CH-000024,0.06469111876580669,0
CH-000055,0.10299133574550609,0
CH-000105,0.06848553988478313,0
CH-000427,0.05558999801894344,0
CH-000573,0.06030403172367706,0
CH-000608,0.07535870340200154,0
CH-000709,0.06477812630374062,0
CH-001066,0.07799028256495873,0
CH-001170,0.057517146769455005,0
CH-001624,0.055783196655751204,0
CH-002144,0.1006468262979615,0
CH-002253,0.0729850192116533,0
CH-002374,0.059261238476350876,0
CH-000007,0.05933228549859036,0
CH-000289,0.056290012433394425,0
CH-001058,0.0728934198789262,0
CH-001092,0.052607162873567224,0
CH-001239,0.052397312436050024,0
CH-001402,0.1270572382532008,0
CH-001652,0.07327662460272756,0
CH-001849,0.06661576725046153,0
CH-001905,0.08875386619494788,0
CH-002286,0.06820721214513006,0
CH-002336,0.05627720652533978,0
CH-002402,0.062199268934154416,0
CH-002497,0.13124460894738874,1
CH-000097,0.16774804372579355,1
CH-001194,0.06732375596050316,0
CH-001252,0.05682283518739604,0
CH-001441,0.06230456341705037,0
CH-001626,0.08764711525385521,0
CH-001727,0.10326981890109144,0
CH-001981,0.06473423185129955,0
CH-002047,0.16206588828769586,1
CH-002341,0.052451602860077176,0
CH-002475,0.062009988128451154,0
CH-000265,0.08029943299896662,0
CH-000392,0.0928517622204811,0
CH-001317,0.05306024069374314,0
CH-001961,0.1378357759557209,1
CH-002164,0.07987283611972715,0
CH-002405,0.055033212268861854,0
CH-000177,0.0617673503447769,0
CH-000435,0.08843871621304333,0
CH-000831,0.06317862400285419,0
CH-000945,0.0715098730234313,0
CH-001006,0.07710900238184286,0
CH-001147,0.05391989832057468,0
CH-001153,0.4874522334860161,1
CH-001395,0.07029538614263035,0
CH-002104,0.05619204726314965,0
CH-002276,0.05400329917574092,0
CH-002312,0.05729827518715114,0
CH-000120,0.054347449611509474,0
CH-000234,0.0632887853583598,0
CH-000685,0.07572051575334984,0
CH-001155,0.15152620221406762,1
CH-001459,0.0912094976852794,0
CH-002133,0.054885254328936844,0
CH-000221,0.056361898030514536,0
CH-000579,0.06833600661184527,0
CH-000810,0.11503065664920722,0
CH-001130,0.059330854986287124,0
CH-001656,0.055178869463764074,0
CH-002048,0.06809177814745696,0
CH-002213,0.06326359575441025,0
CH-002280,0.056272125947397916,0
CH-000237,0.10228706321075466,0
CH-000431,0.7642956307097327,1
CH-000466,0.057289714861138104,0
CH-000585,0.13720756770912831,1
CH-000622,0.058295736278894325,0
CH-000628,0.06802981407158593,0
CH-000791,0.0659299577724019,0
CH-000887,0.05634576522711182,0
CH-001077,0.06314875519451399,0
CH-001280,0.10683712008161006,0
CH-001447,0.06139177258666,0
CH-001671,0.29285531550750843,1
CH-001813,0.11411985328443616,0
CH-001888,0.055855581745104806,0
CH-002176,0.06411969533451901,0
CH-002222,0.8215995268717577,1
CH-002306,0.17652312750186816,1
CH-002334,0.06734269554988398,0
CH-000084,0.13275074825129662,1
CH-000812,0.06218462566586041,0
CH-001301,0.0969212980504769,0
CH-001327,0.05369009338037009,0
CH-001764,0.21321712201120657,1
CH-001805,0.06775540255961555,0
CH-000060,0.11575147686695515,0
CH-000171,0.359324645248191,1
CH-000738,0.35456263731192783,1
CH-000994,0.0525346807096183,0
CH-001253,0.08161367847454917,0
CH-001534,0.07352591087769869,0
CH-002344,0.059841301649193636,0
CH-002357,0.07132788174318014,0
CH-000091,0.0539886529430159,0
CH-000722,0.05389417502618421,0
CH-001223,0.06699703321878929,0
CH-001520,0.05831975375692148,0
CH-001719,0.06778387887535459,0
CH-002115,0.05271558095569683,0
CH-002182,0.7786579870964971,1
CH-002319,0.055913310727831345,0
CH-000101,0.08972692468930311,0
CH-000124,0.0823642693474623,0
CH-000449,0.08465903584707542,0
CH-000826,0.15176202137551423,1
CH-000841,0.3555295542941737,1
CH-000966,0.052722424952194535,0
CH-000978,0.74552377211545,1
CH-001289,0.0533348929394059,0
CH-001663,0.05817779927034251,0
CH-001715,0.05453098639824471,0
CH-001781,0.21903725682349554,1
CH-001909,0.08198219933019847,0
CH-001955,0.056004025922652065,0
CH-002041,0.0554998511831767,0
CH-001198,0.115283707003929,0
CH-001240,0.10246681979022441,0
CH-001287,0.07866541117680269,0
CH-001389,0.05696860290139029,0
CH-001406,0.07775472400189207,0
CH-001472,0.057986045569819886,0
CH-001703,0.06263033295476725,0
CH-002277,0.08829937287124749,0
CH-002469,0.07411743574630267,0
CH-000186,0.059559233304582224,0
CH-000228,0.0667463304460288,0
CH-000426,0.14511566405661044,1
CH-000614,0.06318718469678705,0
CH-000765,0.06701781129610156,0
CH-000821,0.06720785834508658,0
CH-001242,0.057263567504490194,0
CH-001421,0.054493919493924084,0
CH-002242,0.053098898083957055,0
CH-000154,0.05330113450283159,0
CH-000161,0.0822721752113773,0
CH-000641,0.06912467159461395,0
CH-001277,0.06653216358398116,0
CH-001371,0.059762282700979864,0
CH-001546,0.0554926710471912,0
CH-000445,0.08200855849745521,0
CH-000763,0.09370572951488466,0
CH-000878,0.05669739937915989,0
CH-000936,0.20085000884960644,1
CH-001113,0.09918320149314216,0
CH-001275,0.054221859616947254,0
CH-001323,0.10725087389938569,0
CH-001556,0.059535715182219014,0
CH-001598,0.09500045636332843,0
CH-001720,0.10862908970172111,0
CH-001725,0.06760253851953349,0
CH-001732,0.08589501425515692,0
CH-002137,0.05561765433207471,0
CH-002305,0.06620357187908904,0
CH-002347,0.07156285130995271,0
CH-002353,0.0909537467037782,0
CH-002492,0.056539888891295804,0
CH-000497,0.05328213107063265,0
CH-000701,0.05438149232648094,0
CH-000848,0.06598076038960356,0
CH-001159,0.05994629375587994,0
CH-001172,0.05914267797947024,0
CH-001614,0.054778405759196964,0
CH-002025,0.06350664191064488,0
CH-002086,0.08662924304732252,0
CH-002274,0.05423043416701091,0
CH-000307,0.05630957184167763,0
CH-000309,0.05689459947898008,0
CH-000672,0.13026562832938693,1
CH-000691,0.05935701233523634,0
CH-000950,0.05702347679184287,0
CH-000958,0.08549747888120479,0
CH-001001,0.058527432671308506,0
CH-001071,0.06363946503391589,0
CH-001265,0.0981583565317581,0
CH-001413,0.06338293051835556,0
CH-001845,0.12151027484762277,0
CH-001994,0.05525341636399935,0
CH-000357,0.0555203575348111,0
CH-000429,0.07938011416187703,0
CH-000669,0.16729485339157396,1
CH-000700,0.08864861320617343,0
CH-001054,0.05494852770488103,0
CH-001518,0.0603533455524887,0
CH-001689,0.05291114076586677,0
CH-001721,0.055906433941120284,0
CH-001743,0.0531438512664532,0
CH-001772,0.11268064346296908,0
CH-001837,0.08036799333846412,0
CH-001852,0.05964400617206699,0
CH-002250,0.09002205810183365,0
CH-002264,0.07190279652194441,0
CH-002360,0.0543621746768826,0
CH-000027,0.054320309024181834,0
CH-000141,0.13967069985872524,1
CH-000225,0.0672597553471477,0
CH-000354,0.06124280893219169,0
CH-000484,0.07833894397895723,0
CH-001035,0.08009459344289466,0
CH-001291,0.060225911526350276,0
CH-001302,0.058462660899330415,0
CH-001436,0.05257970225490114,0
CH-000046,0.08115971394796127,0
CH-000262,0.07859940856020133,0
CH-000444,0.07052974817165633,0
CH-000599,0.0545420486966224,0
CH-000721,0.12538724148049823,0
CH-000825,0.06762594354673637,0
CH-001278,0.22398680047017758,1
CH-002236,0.06060877367304245,0
CH-000378,0.09148486757519103,0
CH-000390,0.1702259756186169,1
CH-000412,0.11729633348852497,0
CH-000511,0.06897547089333425,0
CH-000830,0.05431627591872847,0
CH-001542,0.10141423088475446,0
CH-001544,0.07476498477179386,0
CH-001676,0.06831991586295828,0
CH-002439,0.06982785885424568,0
CH-000302,0.07198958837112966,0
CH-000410,0.05799268785167549,0
CH-001029,0.5410094048079531,1
CH-001059,0.05306567409758813,0
CH-001272,0.05402762943101431,0
CH-001273,0.1386005138692711,1
CH-001971,0.058598542036434054,0
CH-002265,0.31003386031291513,1
CH-002465,0.05397736404496101,0
CH-000250,0.09709896770302007,0
CH-000528,0.07311230341157593,0
CH-000588,0.07553800356426107,0
CH-000626,0.05728456719377821,0
CH-001165,0.055695383653558646,0
CH-001346,0.19764341516183634,1
CH-001450,0.07184387001277272,0
CH-001741,0.15427502692986816,1
CH-001921,0.05360902759552678,0
CH-002050,0.054127635271670235,0
CH-002290,0.05337194326616312,0
CH-002432,0.0621370552346336,0
CH-000341,0.08011316479288814,0
CH-000514,0.0626286713098749,0
CH-000584,0.06817471010143283,0
CH-000613,0.08242092265174367,0
CH-000723,0.05374592066387253,0
CH-002163,0.05385310925047607,0
CH-000018,0.05672313134386505,0
CH-000106,0.0803626556831474,0
CH-000131,0.05273292420434507,0
CH-000654,0.8401052281774334,1
CH-000777,0.18700041772045672,1
CH-000813,0.1396532080257214,1
CH-001062,0.05511154341394055,0
CH-001202,0.06848924739710756,0
CH-001376,0.08066846957191906,0
CH-001420,0.06735705558333382,0
CH-001526,0.06745423386483285,0
CH-001693,0.06531051765922885,0
CH-001836,0.056232997871639,0
CH-001978,0.07736701209580367,0
CH-002021,0.12990841067105013,1
CH-002056,0.07197809372763252,0
CH-000070,0.05675007768586777,0
CH-000773,0.4956384860615568,1
CH-001461,0.09718923827308334,0
CH-001557,0.057128086732530566,0
CH-000184,0.05490247316422646,0
CH-000658,0.05968173051661204,0
CH-000943,0.07943283772930902,0
CH-001205,0.15797126429532257,1
CH-001246,0.06855778927456173,0
CH-001285,0.05450582787980961,0
CH-001316,0.05266881895533801,0
CH-002252,0.07571523130916026,0
CH-000174,0.057544984971050483,0
CH-000253,0.09433952880636651,0
CH-000475,0.13566159395470465,1
CH-000739,0.06328322287996349,0
CH-001020,0.2813936300278709,1
CH-001378,0.1161626222082881,0
CH-001463,0.057173903142357145,0
CH-001728,0.060704782146386256,0
CH-001746,0.12557353405794874,0
CH-001751,0.07111394643897709,0
CH-002394,0.14092566253550032,1
CH-002442,0.055414264664560196,0
CH-000428,0.05698899987761856,0
CH-000589,0.0624222014366957,0
CH-001043,0.06322837440238546,0
CH-001319,0.0701479874877113,0
CH-001494,0.05859787782990268,0
CH-001749,0.05452348556646077,0
CH-001927,0.0666025984012871,0
CH-002051,0.07895458745772749,0
CH-002245,0.055564826784003936,0
CH-000065,0.07932588114193323,0
CH-000089,0.33856786471703504,1
CH-000339,0.10901361997507023,0
CH-000381,0.18826509278591344,1
CH-000531,0.06719474306039569,0
CH-000847,0.08411249432002067,0
CH-000868,0.0944142183282506,0
CH-000937,0.10465430752949663,0
CH-001025,0.0587884105853974,0
CH-001445,0.099276067074389,0
CH-002082,0.05711114644532535,0
CH-000175,0.058224030031967564,0
CH-000316,0.06208148083362283,0
CH-000330,0.056157269066884154,0
CH-000759,0.06341925210673466,0
CH-001857,0.05634640042725257,0
CH-002168,0.22032008985954146,1
CH-000439,0.06090176219050679,0
CH-000489,0.14015273249879157,1
CH-000493,0.12560241494479235,0
CH-001018,0.0563313641848162,0
CH-001431,0.054783282614223786,0
CH-001601,0.08428689348269083,0
CH-001756,0.05737612167934698,0
CH-000036,0.4697204992461785,1
CH-000368,0.06246571711354249,0
CH-000509,0.09940904525363195,0
CH-001381,0.05934716744030111,0
CH-001636,0.07645483539091452,0
CH-002169,0.06909292362135828,0
CH-002291,0.1730863327125358,1
CH-002327,0.18186390960484686,1
CH-002463,0.06401917440875961,0
CH-000014,0.054308177853632685,0
CH-000655,0.053575302733675355,0
CH-001158,0.060775215418762046,0
CH-001366,0.0656210209980603,0
CH-001574,0.08313934196952891,0
CH-001767,0.21209626013630178,1
CH-001801,0.05513257332241566,0
CH-002226,0.058723634057233236,0
CH-002228,0.43647053316834544,1
CH-002325,0.059515515882125655,0
CH-000242,0.06068193405991795,0
CH-000399,0.06602565751277246,0
CH-000883,0.052459970777635194,0
CH-001084,0.06527334430033922,0
CH-001184,0.0533778504692879,0
CH-001487,0.14240759006049292,1
CH-002114,0.05732344323027626,0
CH-002203,0.05406126963370635,0
CH-002482,0.0667450021836475,0
CH-000088,0.07262207678044058,0
CH-000546,0.06592538532466535,0
CH-000643,0.09601226992684735,0
CH-001131,0.12080787738581497,0
CH-001595,0.059324029969717244,0
CH-001726,0.05432423122947118,0
CH-000094,0.07126176761934293,0
CH-000373,0.05248330883588029,0
CH-000374,0.058682957968105576,0
CH-001135,0.10957007848503261,0
CH-001318,0.06348897579244177,0
CH-001388,0.06292139252067559,0
CH-001731,0.06511010115321449,0
CH-002200,0.08217171761347267,0
CH-002230,0.05324706963204705,0
CH-002346,0.19093531280829845,1
CH-000045,0.0631501591172464,0
CH-000049,0.2594913784716006,1
CH-000487,0.11111964403547647,0
CH-000490,0.4375143328374177,1
CH-000566,0.21121779742981786,1
CH-000639,0.05301149129616494,0
CH-001045,0.07838711762883908,0
CH-001321,0.06814768286166129,0
CH-001591,0.058263428230072536,0
CH-001990,0.06036019516081608,0
CH-002356,0.05852285575739284,0
CH-002384,0.07684888250863417,0
CH-000548,0.059111588635085234,0
CH-000731,0.22127708541014857,1
CH-001086,0.08517681114977046,0
CH-001145,0.09370744220276149,0
CH-001160,0.20690588615499456,1
CH-001176,0.053621384013630424,0
CH-001386,0.08161167003421474,0
CH-001417,0.12986382567852728,0
CH-001984,0.07341178134956167,0
CH-002315,0.18683175925459608,1
CH-000122,0.05250425105748723,0
CH-000294,0.06098106248671148,0
CH-001337,0.07604396749938812,0
CH-001913,0.06605290986463734,0
CH-002079,0.07287251075393916,0
CH-002297,0.06331381572067918,0
CH-000008,0.06980745293931044,0
CH-000196,0.07701971402405874,0
CH-000464,0.14485211479087878,1
CH-000518,0.05371396745620669,0
CH-000523,0.14150077721096135,1
CH-000888,0.061601832841203276,0
CH-001262,0.47954209252170005,1
CH-001271,0.06506294336923603,0
CH-001290,0.055298712880571914,0
CH-001403,0.07956186996521672,0
CH-001407,0.07906393826347925,0
CH-001739,0.05291692590334666,0
CH-002117,0.056943385740376065,0
CH-002495,0.07537234963246908,0
CH-000231,0.05782354604595026,0
CH-000349,0.0554066404745043,0
CH-000582,0.052624228888577755,0
CH-001023,0.07996051670297047,0
CH-001249,0.06296105200541025,0
CH-001443,0.053374086755942726,0
CH-001864,0.06120440979669122,0
CH-001883,0.05658310937874131,0
CH-001962,0.09388048914210528,0
CH-002448,0.13090166635516268,1
CH-002481,0.05412783096088241,0
CH-000170,0.07321563525672864,0
CH-000222,0.09594107933278478,0
CH-000580,0.13573247086174595,1
CH-000657,0.09098687458498245,0
CH-000661,0.05548031137499727,0
CH-000793,0.17590406564188354,1
CH-001011,0.06844298439284292,0
CH-001031,0.09641735367057941,0
CH-001485,0.06588991768917667,0
CH-001817,0.06841111254307229,0
CH-000099,0.07631147899255616,0
CH-000635,0.056260665561336125,0
CH-000764,0.543754951704913,1
CH-000817,0.08840678472367736,0
CH-001255,0.06199701319240542,0
CH-001530,0.07304858657629178,0
CH-001531,0.09851420499858352,0
CH-002014,0.06060886997218773,0
CH-002161,0.19275073922381783,1
CH-002493,0.062152573131848785,0
CH-000093,0.06594515490854597,0
CH-000419,0.14934017186468543,1
CH-000477,0.06506729186805112,0
CH-000894,0.13781849374349733,1
CH-001181,0.32471235703455237,1
CH-001470,0.06270270738005508,0
CH-001679,0.05667174050701899,0
CH-000280,0.06695777938266947,0
CH-000376,0.06526728257043127,0
CH-000869,0.0558505613822507,0
CH-001200,0.05535416297735711,0
CH-001422,0.0565221302145489,0
CH-001899,0.05571146415244381,0
CH-002205,0.06683823031843336,0
CH-000481,0.1238298552387024,0
CH-000600,0.05749150771401157,0
CH-001539,0.05308514246366871,0
CH-001734,0.05478246330821656,0
CH-001869,0.059331255165850916,0
CH-000023,0.07469082673839227,0
CH-000173,0.2878218515714965,1
CH-000333,0.06848477107451588,0
CH-000485,0.05857400817449124,0
CH-000609,0.05672239371360241,0
CH-000988,0.16968445999855913,1
CH-001377,0.11836131605058024,0
CH-001561,0.059665947110370474,0
CH-001777,0.05826163601738741,0
CH-002023,0.08481282437408308,0
CH-002171,0.07457096987956505,0
CH-002191,0.10722923809597633,0
CH-002400,0.06339315599247428,0
CH-000010,0.07145864778509396,0
CH-000322,0.0707565577397978,0
CH-000687,0.07614577595758545,0
CH-001139,0.06872304695814813,0
CH-001171,0.0534300827586788,0
CH-001190,0.08995163537721954,0
CH-001193,0.06641699895468366,0
CH-001196,0.06122581732356114,0
CH-001334,0.6317140386674865,1
CH-001916,0.0845932742138462,0
CH-001998,0.06741357747738043,0
CH-002199,0.06268204128121653,0
CH-002323,0.05610822982074992,0
CH-000162,0.11311082288923302,0
CH-000273,0.06100347732660592,0
CH-000286,0.2382120466680543,1
CH-001162,0.06416011214714722,0
CH-001474,0.06347200328059065,0
CH-002045,0.21366274996461707,1
CH-002407,0.07688959625435833,0
CH-002484,0.18261639784929107,1
CH-000019,0.06943865283656933,0
CH-000145,0.20668834043195092,1
CH-000151,0.058436782110654395,0
CH-000352,0.06419530735711337,0
CH-000434,0.06848866416172751,0
CH-000463,0.060164911959005855,0
CH-000796,0.059347839156005264,0
CH-000823,0.053976059545969526,0
CH-000275,0.05219956961840931,0
CH-000303,0.08270667348844689,0
CH-000370,0.05632945149749235,0
CH-000437,0.08233140242123417,0
CH-000645,0.056512733704667695,0
CH-000872,0.0588448513497975,0
CH-000895,0.06961124853369456,0
CH-001012,0.05590848288037797,0
CH-001061,0.06270153463116021,0
CH-001618,0.05685393093407118,0
CH-001831,0.10139660832185525,0
CH-002032,0.05412360455016209,0
CH-002196,0.060522959743029,0
CH-002247,0.06473699880498446,0
CH-000054,0.432583029690153,1
CH-000271,0.0719639865980861,0
CH-000665,0.05626704611676322,0
CH-000720,0.05466041202997795,0
CH-001152,0.059574608125432964,0
CH-001615,0.06719517128024022,0
CH-001690,0.2511851546695391,1
CH-001917,0.052676704309492436,0
CH-000536,0.13070949153587563,1
CH-001137,0.06796295468526188,0
CH-001185,0.058237008620549875,0
CH-001354,0.0584634748478933,0
CH-001365,0.0623443717077587,0
CH-001369,0.059285614344955655,0
CH-001416,0.06358556698710839,0
CH-001634,0.05530078098259372,0
CH-002043,0.058138729029125945,0
CH-002140,0.28987684302396655,1
CH-000845,0.09236146053460753,0
CH-001090,0.0543021642037649,0
CH-001221,0.06683798537880041,0
CH-001696,0.3737274519575883,1
CH-001713,0.06236246403271812,0
CH-002031,0.058141073426547535,0
CH-002130,0.05340636951812765,0
CH-002190,0.06554815548513977,0
CH-000128,0.05294984256975195,0
CH-000229,0.07825510419282662,0
CH-000557,0.055631025139798805,0
CH-000591,0.3139150007056225,1
CH-000728,0.08216977032529008,0
CH-001335,0.0605761627189344,0
CH-001355,0.06360722099843222,0
CH-002223,0.11364434223457448,0
CH-002259,0.053301211547741964,0
CH-000126,0.12391072295375982,0
CH-000158,0.0870784678185854,0
CH-000318,0.060492836409329565,0
CH-000319,0.06678702723911388,0
CH-000423,0.05535375420469954,0
CH-001009,0.05790566063126984,0
CH-001157,0.08677340629330059,0
CH-001438,0.06672648100624949,0
CH-001714,0.2977222660834563,1
CH-001959,0.07227599551751798,0
CH-002406,0.12064119144510836,0
CH-002415,0.05417195108353146,0
CH-002449,0.052969029922445635,0
CH-000051,0.05579580599807904,0
CH-000110,0.0600946806735531,0
CH-000247,0.05683222729583952,0
CH-000338,0.054224415271900715,0
CH-000359,0.06591875196898504,0
CH-000459,0.6762648095660188,1
CH-000572,0.057209924787915346,0
CH-001222,0.10894331687992057,0
CH-001264,0.06197804420055104,0
CH-001353,0.05501866898453522,0
CH-001647,0.05595933715770343,0
CH-001840,0.07822300438615232,0
CH-002451,0.0649583757893925,0
CH-000329,0.05382054391124947,0
CH-000421,0.3278068519509173,1
CH-000680,0.07963960634671077,0
CH-001607,0.06302121814200398,0
CH-002076,0.08861606783413199,0
CH-000067,0.1321612923901974,1
CH-000267,0.05741582142320967,0
CH-000745,0.059649480125773625,0
CH-001225,0.06547274193652769,0
CH-001269,0.05830534941742376,0
CH-001307,0.06572115644966398,0
CH-001681,0.07884330002522835,0
CH-000736,0.08226032551165384,0
CH-001563,0.07088363566381359,0
CH-001589,0.0579428918859395,0
CH-002069,0.12118452500797328,0
CH-002263,0.15688319240191156,1
CH-000233,0.0829818348187147,0
CH-001007,0.0556877154557764,0
CH-001199,0.12497552180937922,0
CH-001286,0.05428722194265821,0
CH-001551,0.05623964417191622,0
CH-001752,0.0704145345692319,0
CH-001788,0.13836116585767239,1
CH-002420,0.28572329137328234,1
CH-000358,0.06006980989206314,0
CH-000675,0.05782070293661142,0
CH-001629,0.07178832760717761,0
CH-001918,0.06491788251620607,0
CH-001957,0.07127350359810973,0
CH-002201,0.05313407293009002,0
CH-002328,0.07488890733154331,0
CH-000072,0.05244558619699833,0
CH-000160,0.2694059150671899,1
CH-000361,0.05496696421165324,0
CH-000476,0.05742517734815183,0
CH-001115,0.06116898074312974,0
CH-001174,0.05376783652303837,0
CH-001688,0.07937339253774355,0
CH-002022,0.08804398515923349,0
CH-002367,0.34670631250073325,1
CH-002421,0.27884975612931145,1
CH-000395,0.0635223254175829,0
CH-000563,0.05808275876704061,0
CH-001192,0.061119526120595985,0
CH-001613,0.06083726377280626,0
CH-001944,0.06221257945935258,0
CH-002019,0.0686516750414798,0
CH-002154,0.15214737547368615,1
CH-002187,0.05385283051113378,0
CH-000080,0.12137108877044639,0
CH-000185,0.0558483134541051,0
CH-000718,0.05318219991173858,0
CH-000807,0.06505757749755789,0
CH-000910,0.05497238825723527,0
CH-001345,0.06950862510701064,0
CH-001458,0.05873260309768979,0
CH-001623,0.07276601974526554,0
CH-001683,0.34699295982479733,1
CH-000510,0.05325084016216362,0
CH-000616,0.08706015202747758,0
CH-000625,0.05574881078018038,0
CH-000634,0.05760514645636812,0
CH-002401,0.08872668296739844,0
CH-000326,0.4241121716094477,1
CH-000480,0.06339166829935833,0
CH-000618,0.0768072246841586,0
CH-001583,0.052798179618822015,0
CH-001820,0.08291027600078325,0
CH-001904,0.2318261774182567,1
CH-001299,0.06006777415586838,0
CH-001555,0.06422459507891244,0
CH-001692,0.0902000864721054,0
CH-001711,0.06691857588925196,0
CH-002470,0.7790169419568512,1
CH-000011,0.058336292019933955,0
CH-000254,0.05387988789725089,0
CH-000348,0.055499394761089,0
CH-000637,0.17551694537125426,1
CH-001021,0.07299341453247608,0
CH-001581,0.05740111461161363,0
CH-001609,0.05805191889500762,0
CH-001645,0.05406724711009176,0
CH-001786,0.06574150138103099,0
CH-001860,0.054080778927154925,0
CH-002500,0.06505557801841445,0
CH-000215,0.06043707443151484,0
CH-000451,0.054681640039891816,0
CH-000472,0.0596730760084181,0
CH-000898,0.05565989415423956,0
CH-000954,0.055438055516140325,0
CH-001522,0.2145405562702333,1
CH-002037,0.05945136509419355,0
CH-002476,0.05426435331458665,0
CH-002479,0.20087840186656497,1
CH-000121,0.05352914264906694,0
CH-000236,0.0641276053526125,0
CH-000756,0.15832740321660085,1
CH-001838,0.05323785720254783,0
CH-001891,0.08918843249323637,0
CH-000107,0.08955038012438422,0
CH-000324,0.2544665537866297,1
CH-000627,0.05901735537934056,0
CH-000682,0.09094910910467109,0
CH-000962,0.058010968974347356,0
CH-001401,0.059505475235606516,0
CH-001424,0.07176537109341384,0
CH-001794,0.07847403097163488,0
CH-001908,0.06099937150829393,0
CH-002240,0.05855254414942986,0
CH-002369,0.055821380327408035,0
CH-002423,0.07528716036466744,0
CH-000299,0.065563307555401,0
CH-000602,0.14985272976467479,1
CH-000877,0.084552607073999,0
CH-001604,0.05605643714344555,0
CH-002059,0.05651372422242677,0
CH-002179,0.07502265350946323,0
CH-000037,0.10175129844991296,0
CH-000150,0.06217303523702669,0
CH-000350,0.06003992709572283,0
CH-000576,0.07400994658464616,0
CH-001464,0.07027604392197646,0
CH-001516,0.07499127125590192,0
CH-001763,0.05430546663085474,0
CH-002184,0.05458406350869127,0
CH-000858,0.06678880607380977,0
CH-001300,0.05661147055644546,0
CH-001873,0.057250676973926586,0
CH-001956,0.055037508708789255,0
CH-002387,0.055553770747493986,0
CH-002411,0.05426868396819903,0
CH-000321,0.07886785043092427,0
CH-000650,0.05839126879509167,0
CH-001571,0.05556345040570243,0
CH-002057,0.08255230463079859,0
CH-002342,0.06037916283935858,0
CH-002403,0.07253332789187936,0
CH-000258,0.11225654580155123,0
CH-000355,0.15047894677247442,1
CH-000633,0.05369738440758149,0
CH-000795,0.06588966309958193,0
CH-001107,0.06726934017106113,0
CH-001201,0.052434402339836005,0
CH-002324,0.0618399272859086,0
CH-002441,0.13038979950062227,1
CH-000263,0.09943633595846788,0
CH-000556,0.05860103627084235,0
CH-000743,0.05645872403037869,0
CH-001964,0.07491692287473692,0
CH-002046,0.2130206045576488,1
CH-002258,0.06522198631072294,0
CH-000471,0.052440848156820014,0
CH-000908,0.05578043477466753,0
CH-000953,0.05397009179609072,0
CH-001274,0.07906153968358419,0
CH-001331,0.3440940968682192,1
CH-001597,0.05385375800645617,0
CH-001871,0.060300662223204446,0
CH-002009,0.05699061144015172,0
CH-002066,0.06204013859296488,0
CH-002131,0.05641969326579132,0
CH-000044,0.40678836621029485,1
CH-000291,0.05971571503861159,0
CH-001553,0.05702359061297563,0
CH-001579,0.6038860255504358,1
CH-001665,0.08424947775323316,0
CH-001920,0.07230593683233555,0
CH-000071,0.058578947549018,0
CH-000081,0.06207035809575009,0
CH-000336,0.053925953275205094,0
CH-000595,0.05893265973399686,0
CH-000820,0.05396068739176878,0
CH-001364,0.058267914273324596,0
CH-001477,0.0552511934973467,0
CH-001936,0.06318905996059271,0
CH-001995,0.40207112254844124,1
CH-002313,0.08172298110063125,0
CH-000022,0.05740611974688827,0
CH-000246,0.06611255288856001,0
CH-000597,0.0567838634640336,0
CH-000748,0.05809786084460387,0
CH-000940,0.06080548260171862,0
CH-000985,0.07562027075962566,0
CH-001081,0.05533678541650339,0
CH-001117,0.05881745525156083,0
CH-001392,0.192042835028146,1
CH-001492,0.0560403788905588,0
CH-001823,0.05852578251940239,0
CH-001861,0.06304354488364769,0
CH-002474,0.053988993860722374,0
CH-000132,0.13283228430385335,1
CH-000774,0.055887335101530135,0
CH-001151,0.14231794439311177,1
CH-002113,0.37472127318179876,1
CH-002207,0.054457847206077284,0
CH-002456,0.05800897553964512,0
CH-000197,0.5764792926812758,1
CH-000470,0.0582753090009679,0
CH-000593,0.453196982939078,1
CH-000713,0.05770223703997525,0
CH-000893,0.05542750698335282,0
CH-001169,0.2012621058557143,1
CH-001449,0.055890035008457406,0
CH-001451,0.11507050810656391,0
CH-001631,0.15323067636270354,1
CH-001791,0.05884222149858507,0
CH-001929,0.05320696047614011,0
CH-002145,0.05545879736963636,0
CH-000095,0.1252709253228914,0
CH-000181,0.08134722230455661,0
CH-000501,0.06715576321339317,0
CH-001002,0.37673059980154366,1
CH-001008,0.0525118453159909,0
CH-001079,0.0872644671059927,0
CH-001182,0.0582983545637777,0
CH-001347,0.08675039098180605,0
CH-001478,0.12410879971546647,0
CH-001569,0.06591555524095823,0
CH-001827,0.06375315661033196,0
CH-001882,0.29477237204672774,1
CH-002093,0.05791059787894105,0
CH-002372,0.060703239567773126,0
CH-002488,0.09433064887168728,0
CH-000735,0.06008482566129308,0
CH-001004,0.06517572345315414,0
CH-001128,0.13586168864951453,1
CH-001742,0.13181806392796025,1
CH-001894,0.0583395757602553,0
CH-002424,0.08519996800295482,0
CH-000167,0.09641779030212606,0
CH-000288,0.053873239660608745,0
CH-000351,0.08894490504209446,0
CH-000379,0.05730250085692858,0
CH-000776,0.12982231197705948,0
CH-000889,0.10575803077136466,0
CH-001104,0.1371904714443714,1
CH-001400,0.05623000044761475,0
CH-001482,0.055787367805726275,0
CH-001538,0.06101977545654834,0
CH-002090,0.06745970624992197,0
CH-000061,0.060209976387383575,0
CH-000187,0.06214037984240472,0
CH-000213,0.053825022437344806,0
CH-000441,0.17347544028281836,1
CH-000695,0.09236848960411173,0
CH-001050,0.058898475250588694,0
CH-001187,0.06236425333510031,0
CH-001375,0.06431487052891745,0
CH-002055,0.076471045840265,0
CH-000342,0.059521397488408345,0
CH-000648,0.08459791508614563,0
CH-000961,0.06276306534964154,0
CH-000974,0.06388590714763016,0
CH-001590,0.05451930411790216,0
CH-002098,0.05616287756343288,0
CH-000038,0.05834565651108328,0
CH-000446,0.13310230200811152,1
CH-000689,0.1362002315125445,1
CH-000965,0.058218731087868146,0
CH-001049,0.06622844022538502,0
CH-001052,0.09211705038660703,0
CH-001241,0.05427768357583914,0
CH-001625,0.18717951372498262,1
CH-001761,0.059390900022012375,0
CH-001879,0.052882872803882305,0
CH-002011,0.09731198864444959,0
CH-002202,0.05624657943715218,0
CH-000535,0.3764003559234882,1
CH-000571,0.06112106725165125,0
CH-000631,0.06697619704245861,0
CH-000808,0.08254776698547775,0
CH-001654,0.0832463904867336,0
CH-001931,0.06214412048883359,0
CH-002074,0.1508232114765498,1
CH-002490,0.05636876354925971,0
CH-000539,0.07183944165852979,0
CH-001887,0.24524449864942025,1
CH-002183,0.08032343199482393,0
CH-002251,0.07249270608386507,0
CH-002436,0.11671979672047147,0
CH-000102,0.05578301001983474,0
CH-000673,0.07036510093929808,0
CH-001094,0.14292363447347917,1
CH-001399,0.059709976026472225,0
CH-001419,0.06663761977336252,0
CH-001766,0.05244606804192491,0
CH-001816,0.12351291816405474,0
CH-002008,0.053908440834487176,0
CH-002317,0.05774374003207258,0
CH-000297,0.7398239690718501,1
CH-000560,0.058875446291872746,0
CH-000632,0.06351577684563334,0
CH-000696,0.07860201701442437,0
CH-000714,0.17854232393330907,1
CH-000900,0.1872499252193358,1
CH-001042,0.06477179540109361,0
CH-001132,0.3954074019751074,1
CH-001359,0.06952035248017102,0
CH-001593,0.09257968266100537,0
CH-001830,0.06988116694817856,0
CH-002146,0.06299802793163713,0
CH-002152,0.0546480793448047,0
CH-000172,0.06288276829042598,0
CH-000401,0.25231847204446334,1
CH-000454,0.29199098451851274,1
CH-000547,0.05542768504776919,0
CH-000772,0.06443541361688519,0
CH-000925,0.0995052682696015,0
CH-000970,0.05724842462603609,0
CH-002063,0.06037352552575742,0
CH-000757,0.26004999090592884,1
CH-000917,0.05664681147547517,0
CH-001350,0.07655747931859343,0
CH-002007,0.06418174922855209,0
CH-002298,0.08336985230450074,0
CH-000026,0.056199092070043005,0
CH-000083,0.059933852863672005,0
CH-000411,0.0631715524841169,0
CH-000973,0.09741546661880685,0
CH-001303,0.20904854004314286,1
CH-001356,0.05760470447343867,0
CH-001411,0.05532540516579672,0
CH-001684,0.05505414168792196,0
CH-001750,0.06419805745233413,0
CH-001851,0.05408274873567574,0
CH-001889,0.07032520469622386,0
CH-002218,0.08109528693487901,0
CH-002354,0.09484363476431915,0
CH-002431,0.09268156264077475,0
CH-000241,0.10077448520161647,0
CH-000636,0.07576121133872417,0
CH-000918,0.05733017303199392,0
CH-000981,0.05593810842755748,0
CH-001177,0.05912077688455955,0
CH-001229,0.06290450008514607,0
CH-001508,0.05648190427204308,0
CH-001754,0.45366103038819133,1
CH-001868,0.053505432390380865,0
CH-002036,0.08794945826640296,0
CH-002068,0.05844393928610678,0
CH-002105,0.06742459850688763,0
CH-002186,0.058838724483990724,0
CH-000048,0.057403882927460195,0
CH-000282,0.05991789346842346,0
CH-000406,0.057315993632721884,0
CH-000453,0.4812352550698155,1
CH-000491,0.06387298955878634,0
CH-000574,0.11915240870546993,0
CH-000843,0.08461906342880889,0
CH-000882,0.11054273430922586,0
CH-001586,0.06441984586583406,0
CH-001736,0.05876970511844776,0
CH-001963,0.0563111769820849,0
CH-002112,0.06081330809576806,0
CH-002148,0.052261223768549234,0
CH-002221,0.05216411762430061,0
CH-000164,0.0683415951750942,0
CH-000706,0.09375792298546222,0
CH-000809,0.14008897586971766,1
CH-001136,0.06930943053748237,0
CH-001256,0.08734151247108936,0
CH-001414,0.2003749923088414,1
CH-001640,0.13574036276034374,1
CH-001695,0.05869475747598437,0
CH-002071,0.0697791903550814,0
CH-002167,0.06093224341741226,0
CH-002361,0.07442149323043426,0
CH-000251,0.07798407591192036,0
CH-000308,0.0629934758564672,0
CH-000438,0.08244222592141809,0
CH-000499,0.08838459683223206,0
CH-000929,0.06473868984006223,0
CH-002085,0.05850415161720349,0
CH-000043,0.05994007814665749,0
CH-000261,0.06776754451708662,0
CH-000332,0.07792475149188434,0
CH-000679,0.058972956098596235,0
CH-001254,0.053662865518941276,0
CH-001340,0.06114853163389091,0
CH-001490,0.0714029971228474,0
CH-000165,0.07472552477613828,0
CH-000193,0.05749744033416864,0
CH-000266,0.06762863137394569,0
CH-000317,0.06527594313039717,0
CH-000436,0.05454491426429624,0
CH-000473,0.06326437326401092,0
CH-000767,0.05304125407285666,0
CH-000906,0.05557968665641957,0
CH-001013,0.06328633012639602,0
CH-002210,0.06395808270865024,0
CH-000279,0.07050594787335174,0
CH-000488,0.05626752298779232,0
CH-000719,0.055368332978931865,0
CH-001276,0.08317433579713643,0
CH-001358,0.08717129787613137,0
CH-001925,0.06690892936786204,0
CH-002284,0.06695397352152278,0
CH-000344,0.06623736245170941,0
CH-000730,0.060910665117973314,0
CH-000799,0.08337504180886113,0
CH-000844,0.05618936699553425,0
CH-000960,0.11435945320801937,0
CH-001363,0.06556724552242929,0
CH-002040,0.05345299474150699,0
CH-002271,0.05574522001065165,0
CH-002308,0.05802208480861066,0
CH-002340,0.053790819962049145,0
CH-000300,0.06607465454173657,0
CH-000430,0.05790204432214747,0
CH-000660,0.05490016615375842,0
CH-000758,0.07798238922705965,0
CH-001312,0.08107760594249182,0
CH-001404,0.0753157327974371,0
CH-001473,0.05470099279791415,0
CH-001858,0.058214642672245055,0
CH-001870,0.0685109309062156,0
CH-002116,0.07266526503983534,0
CH-002170,0.05725115872112807,0
CH-002371,0.24690165870152103,1
CH-002399,0.05350723195865141,0
CH-000340,0.6845279332517749,1
CH-000369,0.052792513208035345,0
CH-000537,0.05532549732807775,0
CH-000867,0.06943287031785052,0
CH-000927,0.054080968734621385,0
CH-001295,0.07067536091181759,0
CH-001677,0.06564169938163057,0
CH-001828,0.0544991515634473,0
CH-001941,0.06228684049046089,0
CH-001987,0.06199353363968581,0
CH-001992,0.05941619573765249,0
CH-002262,0.18715818012369592,1
CH-002376,0.05562231337350758,0
CH-002478,0.056233576107648384,0
CH-000561,0.07473244693574657,0
CH-000784,0.052949738217335666,0
CH-001183,0.06445004658708102,0
CH-001529,0.05324809499659448,0
CH-001796,0.46865400139949376,1
CH-002141,0.056595912737758935,0
CH-002255,0.056791484673844705,0
CH-002307,0.07381883628636147,0
CH-002318,0.08336883485290149,0
CH-000117,0.05515563661095282,0
CH-000155,0.0554045137793432,0
CH-000408,0.06394228149625023,0
CH-000544,0.0577679453407339,0
CH-000583,0.05531656069087283,0
CH-001048,0.6963999371833945,1
CH-001325,0.05549645815716025,0
CH-001646,0.05424459343718777,0
CH-001821,0.05835353555004211,0
CH-001893,0.10685358199413234,0
CH-002020,0.08273451276741342,0
CH-002030,0.07228978852340295,0
CH-002409,0.07569234901855519,0
CH-000396,0.06260095359223797,0
CH-000540,0.057777646693961675,0
CH-000800,0.054778817249907095,0
CH-001409,0.05499933000557858,0
CH-001486,0.06265278753286942,0
CH-001612,0.09781550026789301,0
CH-001833,0.3038954924698273,1
CH-000205,0.05363178265532444,0
CH-000433,0.06144780741135566,0
CH-000567,0.08052214337800068,0
CH-000604,0.07072819064753198,0
CH-001668,0.05362287230066732,0
CH-002010,0.11565886428211114,0
CH-000386,0.053426390666746607,0
CH-000698,0.058810524831625965,0
CH-001483,0.12062191274036206,0
CH-001619,0.05810814731642401,0
CH-001706,0.07485264928447342,0
CH-001792,0.07001833765280671,0
CH-001983,0.08266410933998003,0
CH-002138,0.08253703206735866,0
CH-002158,0.07173024080663927,0
CH-002206,0.0835619404259894,0
CH-002268,0.05612585620897197,0
CH-002410,0.05571280134249829,0
CH-000006,0.06058420586379433,0
CH-000983,0.1960838566843084,1
CH-001465,0.05444778577021412,0
CH-001578,0.08337936817904902,0
CH-001592,0.0590086268494228,0
CH-001855,0.06992022035874018,0
CH-002064,0.1086172288210439,0
CH-002149,0.14942057410002577,1
CH-000004,0.058650156595270696,0
CH-000021,0.05481819140398559,0
CH-000208,0.05234316339838802,0
CH-000387,0.11544564550757395,0
CH-000420,0.05350580590704652,0
CH-000577,0.05748925687329964,0
CH-000785,0.5281508165623267,1
CH-000798,0.05811949362435231,0
CH-001234,0.149722238362764,1
CH-001250,0.05323256259660599,0
CH-001432,0.06293465551370195,0
CH-001596,0.05818234464853417,0
CH-001662,0.060799728610563465,0
CH-001717,0.12111272709164611,0
CH-001799,0.6997745202299052,1
CH-001953,0.09172024655331504,0
CH-001982,0.0700232944889235,0
CH-000527,0.05970708125780077,0
CH-000568,0.055639895857012595,0
CH-000612,0.09427419995247004,0
CH-000778,0.06751667774476165,0
CH-000779,0.05485188487721108,0
CH-000818,0.10998677117958425,0
CH-001466,0.3708973723426377,1
CH-001475,0.08511658551676363,0
CH-001315,0.05627964975667264,0
CH-001396,0.05438568474128224,0
CH-001560,0.059638744997073,0
CH-001848,0.08738082960591519,0
CH-002379,0.22112403416184676,1
CH-000078,0.06273725207003046,0
CH-001191,0.0570497250062978,0
CH-001383,0.2655225240460282,1
CH-001737,0.05404691904243704,0
CH-002257,0.06072275625383154,0
CH-000087,0.062229677451765227,0
CH-000681,0.07099132292212865,0
CH-001716,0.060112452081903314,0
CH-002012,0.24775471197221385,1
CH-002136,0.06270219450551848,0
CH-002304,0.06339297188871401,0
CH-000239,0.07125602734695453,0
CH-000328,0.056128641162109146,0
CH-000391,0.06117081321634367,0
CH-000460,0.40285359576837465,1
CH-001197,0.05229021065299206,0
CH-001934,0.05644961252678209,0
CH-001980,0.05351747028559463,0
CH-002363,0.08626730728746142,0
CH-002487,0.11550419078111292,0
CH-000042,0.11197631414788495,0
CH-000257,0.05568672868111877,0
CH-000644,0.05828224118897215,0
CH-000899,0.08519342778587549,0
CH-001227,0.05425110044018377,0
CH-001480,0.12542808406227088,0
CH-001521,0.05754958914112726,0
CH-001701,0.16049547189343136,1
CH-002120,0.06501761153152005,0
CH-002283,0.057785637144124685,0
CH-000086,0.0993607268745176,0
CH-000202,0.06174485499014879,0
CH-000494,0.0687331426263014,0
CH-000495,0.05529790458097361,0
CH-000508,0.10031362126765984,0
CH-000921,0.058209889110960956,0
CH-001442,0.1613771999286614,1
CH-001535,0.05655003278194379,0
CH-001906,0.12819413247016356,0
CH-001928,0.19158128281560619,1
CH-001943,0.06576939556809422,0
CH-000617,0.08598414185216988,0
CH-001481,0.15874182896554226,1
CH-001877,0.12172849364450566,0
CH-001922,0.060143382058307056,0
CH-002233,0.06526284225197959,0
CH-000039,0.08420714267299381,0
CH-000056,0.1577897112976858,1
CH-000402,0.08188801051900595,0
CH-000964,0.07114514881107009,0
CH-001037,0.06182647666787467,0
CH-001519,0.05941445917529728,0
CH-001753,0.09074422174695013,0
CH-001892,0.057159101809214005,0
CH-001968,0.061420984100706524,0
CH-000384,0.05695412578378275,0
CH-001178,0.059330113141647704,0
CH-001587,0.06225583552112155,0
CH-001655,0.05419726247470519,0
CH-001897,0.061404856453539956,0
CH-000159,0.058841384509539664,0
CH-000971,0.05960391626009121,0
CH-001010,0.06278231424156407,0
CH-001163,0.05590880262891013,0
CH-001329,0.05930030257844604,0
CH-001367,0.05219012726390948,0
CH-001433,0.06377343619260523,0
CH-001954,0.061957306669342155,0
CH-000012,0.09893288528635186,0
CH-000096,0.06546156515137203,0
CH-000394,0.05306362233805592,0
CH-000486,0.05844139827875766,0
CH-000710,0.06888571558732041,0
CH-000816,0.06630464808696532,0
CH-001095,0.056823775803435124,0
CH-001309,0.054735882887755105,0
CH-001344,0.08017230964663465,0
CH-001427,0.057165753962346515,0
CH-001622,0.05792393479302753,0
CH-001757,0.07162853558357388,0
CH-001793,0.09246229516695563,0
CH-000074,0.05832516279990493,0
CH-000283,0.05263797843883718,0
CH-000605,0.05335873896870325,0
CH-000638,0.19165116395802562,1
CH-000931,0.05355260128480028,0
CH-001773,0.06891612742258348,0
CH-001835,0.07142266852367812,0
CH-000176,0.05229603157740494,0
CH-000498,0.06297915636124297,0
CH-001067,0.19256260140466078,1
CH-001306,0.08470655954313071,0
CH-001469,0.06153441527300289,0
CH-002061,0.06364201338601717,0
CH-002385,0.07133115907708812,0
CH-000852,0.47176930250170557,1
CH-001080,0.08031213751218497,0
CH-002147,0.1021742187774817,0
CH-000090,0.0638957027816134,0
CH-000315,0.06188447492276558,0
CH-000456,0.06949591888888293,0
CH-000865,0.05441663098199974,0
CH-001056,0.0697078778581145,0
CH-001123,0.06149499714133187,0
CH-001342,0.061325015067159164,0
CH-001760,0.0562766236817678,0
CH-001790,0.054854902109445554,0
CH-001975,0.056524038644139525,0
CH-002181,0.05760735042771721,0
CH-000112,0.05829069453010969,0
CH-000304,0.0747644401030818,0
CH-000526,0.060305840744225334,0
CH-001088,0.05388366420922771,0
CH-001129,0.12612321396866888,0
CH-001258,0.07291568699488031,0
CH-001467,0.06440494320234703,0
CH-001967,0.1048049544159586,0
CH-002103,0.11127336431727052,0
CH-002329,0.05732611631799803,0
CH-002444,0.07282040334813623,0
CH-000013,0.09940154244146246,0
CH-000642,0.07525583739165544,0
CH-000744,0.5513987507770705,1
CH-000864,0.05659547854140761,0
CH-001385,0.057309580065388964,0
CH-001387,0.060532223678045526,0
CH-001493,0.08557419712392766,0
CH-002110,0.070690756383244,0
CH-002281,0.05485718050149166,0
CH-002422,0.05445844196442218,0
CH-000704,0.13507326061072386,1
CH-000946,0.06455537652364213,0
CH-000948,0.0612729525237962,0
CH-000982,0.10156382030782532,0
CH-001564,0.05702186252352342,0
CH-002129,0.057275811866484214,0
CH-002491,0.058161117776492036,0
CH-000761,0.05457006171898282,0
CH-000859,0.07330691129052781,0
CH-002118,0.07504497350250396,0
CH-002395,0.05469190624593538,0
CH-000405,0.05712209604110981,0
CH-000790,0.055414397328413564,0
CH-000838,0.0966485264223421,0
CH-001032,0.06592769109907792,0
CH-001126,0.05837030428977181,0
CH-001142,0.06218701329302335,0
CH-001577,0.052315511569335324,0
CH-001675,0.38500222596801387,1
CH-001785,0.06602530603134203,0
CH-002455,0.062478624137150905,0
CH-000268,0.05745886166114898,0
CH-000443,0.07056126677483872,0
CH-000596,0.05997937168847095,0
CH-000729,0.054455767463912993,0
CH-001103,0.05579084258587135,0
CH-001362,0.07150299791074369,0
CH-001384,0.05684571708916657,0
CH-001875,0.058430767242180555,0
CH-001949,0.07079792456856161,0
CH-002165,0.06709214835869971,0
CH-002278,0.06452169987416694,0
CH-002398,0.17916113828683478,1
CH-000678,0.05757197563421177,0
CH-000688,0.06146783352063699,0
CH-001513,0.16583700623987468,1
CH-001588,0.06358276658688809,0
CH-001907,0.05637541653804199,0
CH-000325,0.08370851716716435,0
CH-000517,0.058618898164626954,0
CH-000663,0.1116890690256444,0
CH-001168,0.08855028803786531,0
CH-001430,0.05394156078496051,0
CH-001768,0.07688151942567774,0
CH-001795,0.07743376171310155,0
CH-001812,0.05464833403752589,0
CH-001939,0.6898623265440147,1
CH-002029,0.054991364094844834,0
CH-002231,0.06562386999706891,0
CH-002459,0.10389524728884787,0
CH-002471,0.055078952716166106,0
CH-000169,0.08527150258246083,0
CH-000467,0.10809468734074365,0
CH-001014,0.05869330003056555,0
CH-001580,0.08677768793801327,0
CH-001699,0.06083622714567752,0
CH-002234,0.0572592704147792,0
CH-002261,0.18717859547840457,1
CH-002438,0.05618891081719217,0
CH-000130,0.05563629626416044,0
CH-000397,0.054495250961139594,0
CH-000586,0.07271936372912759,0
CH-000683,0.05890470158840746,0
CH-000836,0.06782887674090078,0
CH-002038,0.07453831510575022,0
CH-002235,0.05584689280839433,0
CH-002300,0.053944835461763395,0
CH-002365,0.06600648209043353,0
CH-000134,0.054050106630722176,0
CH-000223,0.07057818904728044,0
CH-001125,0.05474105739322345,0
CH-001822,0.05585138504688179,0
CH-002445,0.06871722922095962,0
CH-000244,0.07630541988636945,0
CH-000530,0.06287833265674286,0
CH-000647,0.19430043135084712,1
CH-001110,0.06987708507584661,0
CH-001297,0.05618135913518998,0
CH-001343,0.12664938137314796,0
CH-001352,0.05301963197987501,0
CH-001694,0.09356115640766166,0
CH-002458,0.05779589490406238,0
CH-000050,0.05801072395758681,0
CH-000549,0.1438793537188298,1
CH-000909,0.056061251490387744,0
CH-000979,0.055146815900402796,0
CH-001708,0.054300247963918656,0
CH-002034,0.0697473653007037,0
CH-002065,0.08577385549678866,0
CH-002391,0.06027654578740905,0
CH-002480,0.06248061975253596,0
CH-000365,0.12849041253560076,0
CH-000746,0.06292090020956373,0
CH-000862,0.1056014065208186,0
CH-000938,0.06591767571881746,0
CH-001226,0.05672252346113952,0
CH-001380,0.05800713746039038,0
CH-001453,0.06463388630915656,0
CH-001525,0.05258524843460447,0
CH-001541,0.12832923469755977,0
CH-001847,0.08981756821748989,0
CH-002070,0.060263739636709376,0
CH-002238,0.4146137787559208,1
CH-002378,0.08336037529750702,0
CH-000017,0.06295437498605166,0
CH-000292,0.08346747488174713,0
CH-000913,0.05598106399576903,0
CH-001270,0.08689853052355727,0
CH-001682,0.05709257560919509,0
CH-002393,0.0674244899540333,0
CH-000098,0.06501047410844864,0
CH-000235,0.09065017448863896,0
CH-000483,0.06491885747849628,0
CH-000662,0.26322967449546747,1
CH-000677,0.0700854371042439,0
CH-001076,0.06761630892699247,0
CH-001083,0.056995295337572076,0
CH-001248,0.05527730331331847,0
CH-002464,0.07935982271430235,0
CH-000166,0.05614657836185982,0
CH-000274,0.11896960429647477,0
CH-000507,0.12836564115556692,0
CH-000797,0.06459267080945959,0
CH-000851,0.09687801018144146,0
CH-000924,0.16112678695341123,1
CH-001166,0.05665323940913592,0
CH-001322,0.21453333210678585,1
CH-001373,0.08476916606986065,0
CH-001707,0.05489834476539417,0
CH-001919,0.10355591869380058,0
CH-002083,0.052740021518475864,0
CH-002208,0.05498199438443858,0
CH-000009,0.09333490402220754,0
CH-000030,0.06435553009695769,0
CH-000385,0.07586791222695516,0
CH-000458,0.06174939709808735,0
CH-002180,0.0536219865310933,0
CH-002232,0.1220208702052658,0
CH-000503,0.10254682894469454,0
CH-000707,0.07244680412365642,0
CH-001621,0.057022072343034934,0
CH-001702,0.05469847061764519,0
CH-001807,0.05806324229386789,0
CH-001948,0.05989520316999222,0
CH-002003,0.055168998589653864,0
CH-002173,0.05286708650250795,0
CH-000149,0.06036837460480305,0
CH-000383,0.08329002922766213,0
CH-000422,0.05330775293315828,0
CH-000715,0.0533250334459246,0
CH-000915,0.05519776952055498,0
CH-001109,0.05695686816716016,0
CH-001437,0.06976222792303549,0
CH-001491,0.05324848140160741,0
CH-001509,0.08429144843044183,0
CH-001543,0.05363758901635912,0
CH-001910,0.07899230555650952,0
CH-001938,0.06056082341920549,0
CH-001950,0.060626511651347706,0
CH-002005,0.07739527745855729,0
CH-002058,0.062368929663955686,0
CH-002125,0.057488666166676396,0
CH-000310,0.3121318448789625,1
CH-000666,0.09619334663279841,0
CH-000787,0.12152865981210388,0
CH-001213,0.0852905883849266,0
CH-001672,0.1899668298296731,1
CH-000116,0.05742960022141269,0
CH-000264,0.1196159573241721,0
CH-000904,0.057816053941230836,0
CH-001091,0.06433289602417522,0
CH-001489,0.06159361841396409,0
CH-001599,0.06386263714065114,0
CH-001989,0.25837545977689064,1
CH-002338,0.0798397031730914,0
CH-002440,0.10757974983146372,0
CH-000053,0.058822890196632206,0
CH-000152,0.08366481319792596,0
CH-000218,0.0568925126263047,0
CH-000347,0.21611881387257403,1
CH-000930,0.05266586310561642,0
CH-000975,0.06324391061425687,0
CH-001446,0.05980137951209399,0
CH-001488,0.08062520270678944,0
CH-001804,0.0991502234723896,0
CH-002016,0.05810152537774317,0
CH-000029,0.07002325710913107,0
CH-000243,0.06921988458270265,0
CH-001078,0.13589083279918432,1
CH-001283,0.1162222686245521,0
CH-002143,0.05634748450594688,0
CH-002279,0.05681168440661817,0
CH-002461,0.060180459188992695,0
CH-000640,0.05939242449897012,0
CH-000716,0.07957747887610879,0
CH-000934,0.05944138679777754,0
CH-001057,0.06961435621018787,0
CH-001705,0.08710271888196477,0
CH-001901,0.060475228153522374,0
CH-001977,0.06391690776597307,0
CH-002018,0.0643004213898202,0
CH-000143,0.0543453577576267,0
CH-000211,0.13859962963902142,1
CH-000461,0.0623180156128807,0
CH-000750,0.05401491198500821,0
CH-000786,0.05403484937281087,0
CH-000794,0.05636139619644474,0
CH-000828,0.09610320248164357,0
CH-000856,0.052091547738017774,0
CH-001230,0.06509225544918762,0
CH-001687,0.091072116576225,0
CH-002244,0.06030757708496635,0
CH-000189,0.06288797214600911,0
CH-000815,0.19059334528083924,1
CH-000881,0.05980175490927745,0
CH-001216,0.06770770563659481,0
CH-001296,0.05595915949333124,0
CH-001818,0.08483432887751602,0
CH-002322,0.08060336844092986,0
CH-000804,0.0790612037481697,0
CH-000976,0.06421146510012911,0
CH-001211,0.20633956849702612,1
CH-001259,0.05256740429329389,0
CH-001452,0.0562181163908199,0
CH-001643,0.09067309319589975,0
CH-001740,0.06404267862249861,0
CH-002101,0.07585488475271789,0
CH-002418,0.10877573598963372,0
CH-002452,0.23267245777247053,1
CH-000062,0.05730373358129999,0
CH-000362,0.05651144179943263,0
CH-000861,0.14787991749659316,1
CH-001106,0.05539089412698088,0
CH-001439,0.056268302408094883,0
CH-001484,0.09815776503917541,0
CH-001549,0.0564263940840482,0
CH-001627,0.05290202213390332,0
CH-001723,0.06819042487354726,0
CH-001985,0.05647214856279175,0
CH-002225,0.05908144558671077,0
CH-000534,0.055061560889746224,0
CH-000552,0.05728947080412322,0
CH-000693,0.05740693346830206,0
CH-000783,0.24392502092822393,1
CH-000947,0.05773300857807635,0
CH-001041,0.05683310709440267,0
CH-001063,0.20815803407864997,1
CH-001434,0.0538571199517884,0
CH-001524,0.05523778328898148,0
CH-001912,0.07463267485005935,0
CH-002296,0.057870800085900384,0
CH-002326,0.07406935557572224,0
CH-000198,0.06396946010339283,0
CH-000327,0.06731044802559945,0
CH-000360,0.12647052250464008,0
CH-000407,0.0636292314352458,0
CH-001288,0.05306104085488428,0
CH-001426,0.057609376064392676,0
CH-001512,0.05263387402158949,0
CH-001770,0.0553221639577962,0
CH-002333,0.07101496321463473,0
CH-000290,0.06307433321342454,0
CH-001034,0.0939749979148761,0
CH-001308,0.06413365972478481,0
CH-001783,0.053660445812412666,0
CH-001935,0.06779463007054935,0
CH-002017,0.10123564194322046,0
CH-002067,0.05301252592687513,0
CH-002087,0.057086714576451425,0
CH-002437,0.0608070516563211,0
CH-000115,0.1017772648507861,0
CH-000842,0.05403932816868028,0
CH-001044,0.058687620988825476,0
CH-001547,0.0599399972932188,0
CH-001678,0.06333951230505501,0
CH-001988,0.07075923391548913,0
CH-002175,0.05304494902418967,0
CH-002377,0.052947510287059234,0
CH-000440,0.062254178288879455,0
CH-000502,0.05896008640825759,0
CH-000565,0.055443276896089334,0
CH-000770,0.056261489845577876,0
CH-001930,0.06537162070542377,0
CH-002013,0.056162530651756755,0
CH-002049,0.054628426830647045,0
CH-002282,0.05755546091934154,0
CH-002289,0.07208447352053028,0
CH-002302,0.05405113024720688,0
CH-000417,0.06033782479106475,0
CH-000601,0.09530496425838593,0
CH-000615,0.0797793032137541,0
CH-001101,0.16570955981305324,1
CH-001138,0.057609782079969286,0
CH-001215,0.05669074522345093,0
CH-002027,0.11176645140456158,0
CH-002193,0.05487282082435092,0
CH-002345,0.06152171970114253,0
CH-000157,0.12363400286859563,0
CH-000558,0.10020481955505767,0
CH-000833,0.4073844393498103,1
CH-001685,0.059101193711238675,0
CH-002053,0.06797706495457229,0
CH-000108,0.057092282171477944,0
CH-000337,0.05809010286082018,0
CH-000529,0.0592549821897203,0
CH-000782,0.053831453161306685,0
CH-001073,0.09613657995805479,0
CH-001127,0.7245367394625002,1
CH-001320,0.07023828298747671,0
CH-001479,0.11401223713309684,0
CH-001824,0.1722801564260182,1
CH-002097,0.06977910500343461,0
CH-002107,0.053648734160860724,0
CH-002256,0.05221006205616272,0
CH-000168,0.06035748165165031,0
CH-000204,0.1210709363415978,0
CH-000245,0.17056813757231318,1
CH-000415,0.11044839121747214,0
CH-000703,0.05491662661919721,0
CH-000747,0.05858693015941812,0
CH-000905,0.05293257653347192,0
CH-001279,0.05991318062164526,0
CH-001330,0.05768014485364591,0
CH-001776,0.0568754950072459,0
CH-001878,0.057052759829616266,0
CH-002373,0.06483689621155292,0
CH-000210,0.05285505338555672,0
CH-001644,0.08430381692418674,0
CH-001748,0.0717189128946081,0
CH-001933,0.054807255518682575,0
CH-001993,0.05318280392316163,0
CH-002089,0.1214877047573459,0
CH-000103,0.0983386595844178,0
CH-000699,0.05650026774472977,0
CH-001533,0.5341076834821729,1
CH-001603,0.05440600269843724,0
CH-001744,0.05745557565731044,0
CH-001856,0.09451077530648277,0
CH-002494,0.06226330742424837,0
CH-000040,0.06937555971050753,0
CH-000996,0.05740678737019084,0
CH-001148,0.060880982902129364,0
CH-001232,0.05481125773537869,0
CH-001311,0.06978956854517532,0
CH-001575,0.06028597699412832,0
CH-001802,0.06212270337305193,0
CH-001932,0.05409153384945771,0
CH-002397,0.07188409452115896,0
CH-000199,0.06748424355155451,0
CH-000630,0.06323860229236741,0
CH-000788,0.06404459624839415,0
CH-000863,0.19560556557149106,1
CH-000884,0.06797801510550797,0
CH-000896,0.07186201946231761,0
CH-000939,0.05358605258598777,0
CH-001189,0.0566141773348595,0
CH-001218,0.06910954306508015,0
CH-001238,0.05407774354391808,0
CH-001393,0.056107911982581124,0
CH-001649,0.06945563971590758,0
CH-001886,0.09383478049008324,0
CH-001900,0.06431167716325478,0
CH-001973,0.060077305194576956,0
CH-002035,0.05688925328546326,0
CH-002499,0.05615753099593192,0
CH-000194,0.08980744637551052,0
CH-000520,0.0802111915090663,0
CH-000944,0.052134132785978,0
CH-001019,0.05717010071831649,0
CH-001053,0.06087719395784094,0
CH-001550,0.14691452392578197,1
CH-002139,0.21860024389472982,1
CH-002390,0.14195968087941718,1
CH-002466,0.05559994237185905,0
CH-000092,0.0631000883227671,0
CH-000751,0.08213820314750678,0
CH-000876,0.06573064933798088,0
CH-001082,0.06051283831163594,0
CH-001220,0.059753590334144284,0
CH-001408,0.07427065812513864,0
CH-002075,0.0599357015190841,0
CH-002248,0.05393623760439974,0
CH-002359,0.06798979821252715,0
CH-002386,0.054442716175713876,0
CH-000047,0.056392946014597004,0
CH-001036,0.08531109341874936,0
CH-001261,0.06200552207997651,0
CH-001497,0.05267428473632475,0
CH-000178,0.06003543528209973,0
CH-001418,0.05232737827163961,0
CH-002100,0.11327343603997704,0
CH-002301,0.060521910164107344,0
CH-000125,0.11170428240855865,0
CH-000824,0.07482355220263698,0
CH-000922,0.08451609152009784,0
CH-001017,0.06874668824896582,0
CH-001370,0.05447805913909054,0
CH-001394,0.0623245103014371,0
CH-001895,0.25902737278935994,1
CH-002091,0.08071787984513049,0
CH-002355,0.16650171452444945,1
CH-000003,0.05469759106275453,0
CH-000206,0.7483223770718098,1
CH-000232,0.05451735956516417,0
CH-000249,0.06212059851630683,0
CH-000293,0.05490382318093767,0
CH-000465,0.09913102400061209,0
CH-000603,0.07935395000612516,0
CH-001040,0.05838253637034905,0
CH-001179,0.10042608184512869,0
CH-001382,0.05656716962449855,0
CH-001673,0.07089363082377255,0
CH-001996,0.05817517346492558,0
CH-002457,0.053691234519492516,0
CH-000564,0.09008488711092145,0
CH-000849,0.07006862470612682,0
CH-000907,0.05483625076341632,0
CH-000998,0.08933312652252876,0
CH-000146,0.08377280533973816,0
CH-000416,0.12724511233872257,0
CH-000653,0.2859209688600455,1
CH-000740,0.14218967588596362,1
CH-000781,0.05943983210877441,0
CH-000829,0.06210360864767887,0
CH-000980,0.08529903822507888,0
CH-000997,0.05477115612647266,0
CH-001267,0.06371747470201423,0
CH-001357,0.17669812647002867,1
CH-001360,0.06794669740155994,0
CH-001391,0.054124684622820704,0
CH-001610,0.454478283570818,1
CH-001872,0.06150970156874202,0
CH-001876,0.25327478444022755,1
CH-002299,0.07119067351632716,0
CH-000389,0.1654333196214118,1
CH-001003,0.3964205571647609,1
CH-001324,0.07706499423024542,0
CH-002002,0.12838859026017813,0
CH-002159,0.053469283694468635,0
CH-002314,0.06049724504758843,0
CH-002368,0.05979531081750441,0
CH-002382,0.07601155457275356,0
CH-002446,0.07127284323752095,0
CH-002450,0.07074864511205252,0
CH-000033,0.05468727993540275,0
CH-000296,0.06450691481085893,0
CH-000320,0.05618240448351146,0
CH-000512,0.06427811391003269,0
CH-000668,0.058774660373241194,0
CH-000766,0.054847878530888884,0
CH-000855,0.05572665085925221,0
CH-001210,0.0578080004537403,0
CH-001281,0.6881715859852028,1
CH-001349,0.08152382763408224,0
CH-001759,0.05976782030572751,0
CH-001896,0.07985276575745347,0
CH-002408,0.11896216887528936,0
CH-000356,0.05678651304630463,0
CH-000496,0.055285000230748026,0
CH-000920,0.06986779009008989,0
CH-001105,0.08223096738014884,0
CH-001333,0.05354393102302599,0
CH-001545,0.06265252658597131,0
CH-001730,0.07081182840200309,0
CH-002151,0.27205272930985486,1
CH-002254,0.055986461428231396,0
CH-002294,0.08865258005230467,0
CH-002349,0.07840684776854877,0
CH-000388,0.07154508842538132,0
CH-000933,0.05334184888099513,0
CH-000951,0.07215163566018991,0
CH-001161,0.06873321938702388,0
CH-001164,0.054518202603980374,0
CH-001313,0.056464807960206045,0
CH-001570,0.1693079335054347,1
CH-001572,0.05919213178046911,0
CH-001811,0.11513803246475789,0
CH-001947,0.06605505343019423,0
CH-002077,0.06259684307951065,0
CH-002189,0.5089086425551188,1
CH-002447,0.05764439922963093,0
CH-002477,0.05291794330784305,0
CH-000570,0.05547816461519162,0
CH-000598,0.14439155262279954,1
CH-000702,0.15670442230288162,1
CH-000733,0.05649473780399998,0
CH-000992,0.06802664215210964,0
CH-001691,0.21350579912705864,1
CH-001911,0.0712435277781409,0
CH-002033,0.05322077775480416,0
CH-000059,0.056668619126660526,0
CH-000346,0.05371724260610905,0
CH-000886,0.056892921643805584,0
CH-000911,0.4007375819982066,1
CH-001674,0.05775985409641675,0
CH-001976,0.06482794082738903,0
CH-002060,0.05314475165344011,0
CH-002426,0.11117843577654109,0
CH-000016,0.056996043242767976,0
CH-000139,0.05465910211882049,0
CH-000492,0.05995582374639573,0
CH-000741,0.06104337810919761,0
CH-000754,0.05712323217503973,0
CH-001282,0.05617364128407273,0
CH-001293,0.07899621415858198,0
CH-001974,0.05782815538232389,0
CH-002078,0.07132062164924219,0
CH-002293,0.07495431511402327,0
CH-002303,0.44660777980180494,1
CH-002472,0.06075618577002182,0
CH-002498,0.0638539450788201,0
CH-000136,0.05532325534506844,0
CH-000674,0.0537771355190649,0
CH-001374,0.11027857376074646,0
CH-001628,0.057400154427526086,0
CH-001881,0.09223878334601496,0
CH-002157,0.09119513360354745,0
CH-002309,0.05567427852660661,0
CH-002467,0.05600430085179565,0
CH-002489,0.055799128054735414,0
CH-000311,0.05740609998284341,0
CH-000554,0.0586604932766226,0
CH-001033,0.05797280501955288,0
CH-001632,0.060167121225869105,0
CH-001733,0.06994967800513921,0
CH-001846,0.053392335017830146,0
CH-002194,0.05631838106456243,0
CH-000180,0.060417618366893494,0
CH-000203,0.09817481852092702,0
CH-000516,0.06488951277484283,0
CH-000749,0.07940683173687497,0
CH-000789,0.058050310457327906,0
CH-000903,0.06996453416961097,0
CH-000941,0.06451253125347046,0
CH-001326,0.0898467834734632,0
CH-001390,0.05589000734494368,0
CH-001637,0.055829419427524465,0
CH-001680,0.061919056834404046,0
CH-001859,0.054087631029115714,0
CH-002095,0.05443015672898414,0
CH-001114,0.06566922551615602,0
CH-001156,0.05823511571754082,0
CH-001495,0.6081729173788062,1
CH-001515,0.05467631348625618,0
CH-001559,0.06217067693546724,0
CH-001800,0.056640587941338826,0
CH-001951,0.06541040315975707,0
CH-002109,0.06670843654748199,0
CH-002198,0.07787420072810539,0
CH-000382,0.05470323498467907,0
CH-000550,0.07461492066315946,0
CH-000977,0.08964872937571318,0
CH-001562,0.268463932051376,1
CH-001660,0.05404715137965402,0
CH-001862,0.07358374690837886,0
CH-001958,0.05347749497155771,0
CH-001965,0.05531967979666116,0
CH-002241,0.06964650957335627,0
CH-002320,0.06005527469026522,0
CH-000377,0.09401366277697507,0
CH-000594,0.16046655802751397,1
CH-000752,0.05475835023435175,0
CH-000901,0.06296045561790455,0
CH-002024,0.07662156059184866,0
CH-002197,0.055516808887653236,0
CH-002316,0.06638120304770408,0
CH-002453,0.13812957136668438,1
CH-000104,0.05634189837777347,0
CH-000135,0.1888684356341977,1
CH-000479,0.26223299768064084,1
CH-000500,0.08744020932252053,0
CH-000724,0.07357752428445997,0
CH-001060,0.06803638652795306,0
CH-001134,0.05846841944911013,0
CH-001141,0.05399760871993714,0
CH-001203,0.05729662493246727,0
CH-001923,0.05626860915261847,0
CH-001969,0.058355449820131466,0
CH-002096,0.3802039978465191,1
CH-002192,0.0549379826188587,0
CH-002332,0.053107104397140364,0
CH-000705,0.054441341407587475,0
CH-000853,0.13066237643456854,1
CH-000928,0.0593785448143696,0
CH-001098,0.05927165503963696,0
CH-001244,0.05791375951982663,0
CH-001616,0.07149935921906334,0
CH-002108,0.06969529504471986,0
CH-000209,0.21542773582602806,1
CH-000219,0.12225525353971962,0
CH-001150,0.1250890599684155,0
CH-001167,0.0584152247800561,0
CH-001231,0.0611231635729185,0
CH-001429,0.07517392565431347,0
CH-001914,0.05370138684328199,0
CH-002404,0.06749141574211417,0
CH-000331,0.13625540912886383,1
CH-000897,0.060831703681667446,0
CH-001015,0.05784184348051673,0
CH-001602,0.058230084015051295,0
CH-002243,0.19986733830597553,1
CH-000559,0.0687589386056896,0
CH-000711,0.06726107476707592,0
CH-000875,0.10841239106720144,0
CH-001111,0.16423955462533302,1
CH-001341,0.11166309377472362,0
CH-001507,0.055234101752460005,0
CH-001808,0.07452787059793699,0
CH-001972,0.10776536807741499,0
CH-002273,0.551839205419013,1
CH-000533,0.06433480589983544,0
CH-000555,0.16241895370225568,1
CH-000742,0.1445978338390266,1
CH-000972,0.06039640451807542,0
CH-001070,0.06840913601104331,0
CH-001664,0.058393406329413824,0
CH-001704,0.08155581681081388,0
CH-001825,0.06407517672484034,0
CH-002073,0.06406867137354622,0
CH-002111,0.06146696032300712,0
CH-002215,0.05444097425013715,0
CH-000138,0.06614707377032107,0
CH-000269,0.055014326552692186,0
CH-000505,0.11380356594337013,0
CH-000543,0.053343368595974446,0
CH-000581,0.05848326787489682,0
CH-000606,0.07989779324992934,0
CH-000659,0.05231975416029733,0
CH-000827,0.21598845253965449,1
CH-000840,0.05310922455692036,0
CH-001146,0.057828494123918335,0
CH-001372,0.08656807624531544,0
CH-001829,0.0595003682771037,0
CH-001880,0.05282535946431297,0
CH-001986,0.06006551324249154,0
CH-000052,0.05915144276871902,0
CH-000153,0.10593844849321306,0
CH-000285,0.14550669470069483,1
CH-000450,0.061551438879395605,0
CH-000690,0.08527452141914534,0
CH-000879,0.07296927308261322,0
CH-001026,0.05862197115126421,0
CH-001097,0.08606650520300328,0
CH-001119,0.06615840946941039,0
CH-001263,0.06515011709701518,0
CH-001423,0.057446195324745535,0
CH-001898,0.05276197496261441,0
CH-002127,0.08006560794112566,0
CH-002366,0.05296459154092748,0
CH-000077,0.068318028284984,0
CH-000553,0.05476264383126866,0
CH-000775,0.10112415780896593,0
CH-000942,0.10011569604171239,0
CH-001180,0.07579646338211474,0
CH-001425,0.06720679268004198,0
CH-001501,0.09063953433864802,0
CH-001722,0.0732812710012009,0
CH-001729,0.07301470416407178,0
CH-001991,0.08355202237616526,0
CH-002412,0.06910559402646146,0
CH-000306,0.06200301059162981,0
CH-000760,0.05373176295315329,0
CH-000837,0.05641052144929944,0
CH-001028,0.055236203569067756,0
CH-001552,0.12927774834386294,0
CH-001658,0.06016067743745682,0
CH-001815,0.22948533356225576,1
CH-001819,0.07644098208712537,0
CH-002126,0.06752507455839203,0
CH-002212,0.058231603250075,0
CH-000224,0.05628549604644711,0
CH-000313,0.15035664637672028,1
CH-000400,0.13407527812271733,1
CH-000452,0.0591620928164152,0
CH-000866,0.0589422311853657,0
CH-000986,0.06739276510936201,0
CH-001582,0.12414210383162161,0
CH-001697,0.11733093861549491,0
CH-001762,0.06089316214880607,0
CH-002106,0.06783467996997575,0
CH-002128,0.07008505723563188,0
CH-000216,0.06041801174715102,0
CH-000519,0.0922568373236864,0
CH-000963,0.05707066284345916,0
CH-001217,0.055667130212073666,0
CH-001237,0.05965598086353101,0
CH-001304,0.05332758311682173,0
CH-001576,0.14425586472080063,1
CH-002088,0.07195447858897643,0
CH-002195,0.07888254251755307,0
CH-000069,0.0533355522570627,0
CH-000190,0.08090984565003118,0
CH-000259,0.07673646491426679,0
CH-000727,0.06105787262105393,0
CH-000839,0.10719499089755731,0
CH-000952,0.05706102300332068,0
CH-001140,0.07801415813632526,0
CH-001143,0.05903804625961927,0
CH-001247,0.061384213410456655,0
CH-001527,0.05427016020050072,0
CH-001620,0.07688468244137192,0
CH-001946,0.05651871793784426,0
CH-000127,0.07113108082754026,0
CH-000238,0.05441000666534212,0
CH-000651,0.05757013751354329,0
CH-000769,0.07546951327201532,0
CH-000923,0.05382811276214915,0
CH-002084,0.060611780223778736,0
CH-002155,0.09410671695347654,0
CH-002249,0.06679336695428989,0
CH-002388,0.0527052847742576,0
CH-000075,0.05687197561658853,0
CH-000676,0.08554011649838056,0
CH-000890,0.21047591116781558,1
CH-001517,0.076983413404627,0
CH-002123,0.0705093376023413,0
CH-002483,0.053538431941694636,0
CH-000252,0.19393587020923506,1
CH-000413,0.05990798286481636,0
CH-000448,0.06266170202859213,0
CH-001236,0.0783688306470332,0
CH-001298,0.05668209390066606,0
CH-001339,0.06442148026435164,0
CH-001379,0.056613975603926475,0
CH-001498,0.08147819946708366,0
CH-001500,0.05709418140551894,0
CH-001568,0.10139790010282171,0
CH-001594,0.06615620141695572,0
CH-001745,0.05540553543584617,0
CH-001771,0.060437456576092646,0
CH-001902,0.11600983918355018,0
CH-002272,0.07158554929011296,0
CH-000195,0.30042222540889235,1
CH-000353,0.5720407865058621,1
CH-000380,0.1194997215463657,0
CH-000468,0.06279595133699281,0
CH-000734,0.05462804772260577,0
CH-000969,0.1149104744434576,0
CH-002099,0.05725225539240837,0
CH-002433,0.06055724527889793,0
CH-000058,0.08863570788000265,0
CH-000214,0.09899386501263024,0
CH-000532,0.06741213331706812,0
CH-000806,0.05293988754687553,0
CH-000984,0.0628793943270301,0
CH-001456,0.10338460797795508,0
CH-001537,0.056764925003724126,0
CH-001844,0.05265822331531988,0
CH-002119,0.07843643690641433,0
CH-002381,0.057467354125045014,0
CH-002462,0.07633892172176596,0
