fold,validation_start,validation_end_exclusive,train_rows,validation_rows,train_positives,validation_positives,immature_past_rows_removed,customer_overlap_rows_removed,shared_customers,latest_training_label_available,strategy,original_training_rows,fitted_rows,training_positive_rate,fitted_positive_rate,negative_positive_ratio,scale_pos_weight,trees,tree_selection,train_seconds,roc_auc,average_precision,source
1,2023-07-01,2024-01-01,3223,1632,274,110,826,912,0,2023-06-30,unweighted,3223,3223,0.08501396214706795,0.08501396214706795,10.762773722627736,1.0,80,fixed_before_comparison,0.1350349899998946,0.794767650221001,0.339544820987222,LIVE
1,2023-07-01,2024-01-01,3223,1632,274,110,826,912,0,2023-06-30,weighted,3223,3223,0.08501396214706795,0.08501396214706795,10.762773722627736,10.762773722627736,80,fixed_before_comparison,0.09023693600011029,0.7913749850674949,0.33782192437724556,LIVE
1,2023-07-01,2024-01-01,3223,1632,274,110,826,912,0,2023-06-30,oversampled,3223,5898,0.08501396214706795,0.5,10.762773722627736,1.0,80,fixed_before_comparison,0.16046912399997382,0.7920140962847927,0.35018995667188685,LIVE
2,2024-01-01,2024-07-01,4460,1674,353,135,785,1348,0,2023-12-31,unweighted,4460,4460,0.07914798206278027,0.07914798206278027,11.634560906515581,1.0,80,fixed_before_comparison,0.1052841650002847,0.8194161673044064,0.3403411777255397,LIVE
2,2024-01-01,2024-07-01,4460,1674,353,135,785,1348,0,2023-12-31,weighted,4460,4460,0.07914798206278027,0.07914798206278027,11.634560906515581,11.634560906515581,80,fixed_before_comparison,0.11498484200001258,0.8176641879046037,0.3294872305571959,LIVE
2,2024-01-01,2024-07-01,4460,1674,353,135,785,1348,0,2023-12-31,oversampled,4460,8214,0.07914798206278027,0.5,11.634560906515581,1.0,80,fixed_before_comparison,1.1735198920000585,0.8148533198565687,0.338988638018766,LIVE
3,2024-07-01,2025-01-01,5731,1733,465,139,861,1675,0,2024-06-30,unweighted,5731,5731,0.08113767230849764,0.08113767230849764,11.324731182795698,1.0,80,fixed_before_comparison,0.6218045660002645,0.7785896753111939,0.26612962198677437,LIVE
3,2024-07-01,2025-01-01,5731,1733,465,139,861,1675,0,2024-06-30,weighted,5731,5731,0.08113767230849764,0.08113767230849764,11.324731182795698,11.324731182795698,80,fixed_before_comparison,0.5846046020001268,0.7779081628047624,0.270736233850914,LIVE
3,2024-07-01,2025-01-01,5731,1733,465,139,861,1675,0,2024-06-30,oversampled,5731,10532,0.08113767230849764,0.5,11.324731182795698,1.0,80,fixed_before_comparison,0.9238111150002624,0.7824350306454962,0.2776002774662606,LIVE
