threshold,flagged,fn,fp,loss_units,capacity,feasible
0.0,589,0,534,534.0,70,False
0.0028254998157274443,589,0,534,534.0,70,False
0.005118101102252916,588,0,533,533.0,70,False
0.006124740980631983,587,0,532,532.0,70,False
0.006716599977786738,586,0,531,531.0,70,False
0.006729141462232674,585,0,530,530.0,70,False
0.0068293952917132545,584,0,529,529.0,70,False
0.007369075692316113,583,0,528,528.0,70,False
0.0073945633143783504,582,0,527,527.0,70,False
0.007989501778278141,581,0,526,526.0,70,False
0.008322137155681404,580,0,525,525.0,70,False
0.00866751106994368,579,0,524,524.0,70,False
0.008855358959987812,578,0,523,523.0,70,False
0.009042506263553749,577,0,522,522.0,70,False
0.00919113515764104,576,0,521,521.0,70,False
0.009383129224351383,575,0,520,520.0,70,False
0.009400463773784782,574,0,519,519.0,70,False
0.009795379278153262,573,0,518,518.0,70,False
0.00990044253293457,572,0,517,517.0,70,False
0.010591629175025609,571,0,516,516.0,70,False
0.010689180376588328,570,0,515,515.0,70,False
0.011073581228751054,569,0,514,514.0,70,False
0.011750394100636443,568,0,513,513.0,70,False
0.01231445039160216,567,0,512,512.0,70,False
0.012455812406615575,566,0,511,511.0,70,False
0.012818043018683504,565,0,510,510.0,70,False
0.01290973251121709,564,0,509,509.0,70,False
0.013181103228069065,563,0,508,508.0,70,False
0.013270001773185774,562,0,507,507.0,70,False
0.013391302045079819,561,0,506,506.0,70,False
0.013397688484718912,560,0,505,505.0,70,False
0.01355570681783373,559,0,504,504.0,70,False
0.013622936189652624,558,0,503,503.0,70,False
0.013677481590031088,557,0,502,502.0,70,False
0.01375754775309009,556,0,501,501.0,70,False
0.014045360807904968,555,0,500,500.0,70,False
0.014356403257244858,554,0,499,499.0,70,False
0.014907304579916014,553,0,498,498.0,70,False
0.015096001612981377,552,0,497,497.0,70,False
0.015410795554643603,551,0,496,496.0,70,False
0.015758023014617532,550,0,495,495.0,70,False
0.01654958085673596,549,0,494,494.0,70,False
0.016604329041590194,548,0,493,493.0,70,False
0.01681580780319969,547,0,492,492.0,70,False
0.018089391559137396,546,0,491,491.0,70,False
0.018111678539518276,545,0,490,490.0,70,False
0.01828666676237863,544,0,489,489.0,70,False
0.018312586635331012,543,0,488,488.0,70,False
0.018430079621266224,542,0,487,487.0,70,False
0.018489297709114172,541,0,486,486.0,70,False
0.018506158801363807,540,0,485,485.0,70,False
0.019309198617254594,539,0,484,484.0,70,False
0.019390373972005243,538,0,483,483.0,70,False
0.019452576103371755,537,0,482,482.0,70,False
0.01958105017365992,536,0,481,481.0,70,False
0.019822661475262286,535,0,480,480.0,70,False
0.020370051823716,534,0,479,479.0,70,False
0.02079785976694964,533,0,478,478.0,70,False
0.020864325915128382,532,0,477,477.0,70,False
0.02110407445052262,531,0,476,476.0,70,False
0.021257013025449648,530,0,475,475.0,70,False
0.02161476600757833,529,0,474,474.0,70,False
0.021637887243323668,528,0,473,473.0,70,False
0.022110686081336962,527,0,472,472.0,70,False
0.022296653412394292,526,0,471,471.0,70,False
0.022555014526738026,525,0,470,470.0,70,False
0.0225755743495241,524,0,469,469.0,70,False
0.022747798866802105,523,0,468,468.0,70,False
0.023305202701840538,522,0,467,467.0,70,False
0.023327669438920624,521,0,466,466.0,70,False
0.023405911706300474,520,0,465,465.0,70,False
0.023425980155907994,519,0,464,464.0,70,False
0.023621102645419008,518,0,463,463.0,70,False
0.024297232835282814,517,0,462,462.0,70,False
0.024901098029560576,516,0,461,461.0,70,False
0.02556536703475316,515,0,460,460.0,70,False
0.025877251349998357,514,0,459,459.0,70,False
0.026301979995011316,513,0,458,458.0,70,False
0.02635801770372798,512,0,457,457.0,70,False
0.026689480719477243,511,0,456,456.0,70,False
0.02683465104876118,510,0,455,455.0,70,False
0.027345663658477903,509,0,454,454.0,70,False
0.02750791067228756,508,0,453,453.0,70,False
0.027980330852508953,507,0,452,452.0,70,False
0.028405188446998093,506,0,451,451.0,70,False
0.028636105468965084,505,0,450,450.0,70,False
0.028969504684361415,504,0,449,449.0,70,False
0.029100062729677214,503,0,448,448.0,70,False
0.029326209878860976,502,0,447,447.0,70,False
0.029570144294207495,501,0,446,446.0,70,False
0.02984781023940632,500,0,445,445.0,70,False
0.02993704040724942,499,0,444,444.0,70,False
0.03144564574604142,498,0,443,443.0,70,False
0.031715240579381763,497,0,442,442.0,70,False
0.03179981840291816,496,0,441,441.0,70,False
0.03183877205603402,495,0,440,440.0,70,False
0.03185798311473726,494,0,439,439.0,70,False
0.031885385792987234,493,0,438,438.0,70,False
0.03196203685749662,492,0,437,437.0,70,False
0.03201495387574591,491,0,436,436.0,70,False
0.03240676982305009,490,0,435,435.0,70,False
0.032506589126097545,489,0,434,434.0,70,False
0.03323661092318958,488,0,433,433.0,70,False
0.0338878999960914,487,0,432,432.0,70,False
0.0340237896948606,486,0,431,431.0,70,False
0.03405491201061455,485,1,431,441.0,70,False
0.03409695120800966,484,1,430,440.0,70,False
0.03461919715059315,483,1,429,439.0,70,False
0.03545271730536348,482,1,428,438.0,70,False
0.03578615582074253,481,1,427,437.0,70,False
0.03589425063723032,480,1,426,436.0,70,False
0.03617715922362623,479,1,425,435.0,70,False
0.03621380522658601,478,1,424,434.0,70,False
0.0372220333213232,477,1,423,433.0,70,False
0.03757970485712303,476,1,422,432.0,70,False
0.03808749136974663,475,1,421,431.0,70,False
0.03852132404910032,474,1,420,430.0,70,False
0.038971661115489095,473,1,419,429.0,70,False
0.039086017653438214,472,1,418,428.0,70,False
0.03921449403574063,471,1,417,427.0,70,False
0.03969631574666245,470,1,416,426.0,70,False
0.0400762673340455,469,1,415,425.0,70,False
0.040395884570678234,468,1,414,424.0,70,False
0.04056893560643707,467,1,413,423.0,70,False
0.040658277917110595,466,1,412,422.0,70,False
0.04119075404128679,465,1,411,421.0,70,False
0.041572416836395176,464,1,410,420.0,70,False
0.04158515946198567,463,1,409,419.0,70,False
0.04201452721585331,462,1,408,418.0,70,False
0.04219502525987873,461,1,407,417.0,70,False
0.042475901953224475,460,1,406,416.0,70,False
0.04272855029207146,459,1,405,415.0,70,False
0.04287000040930289,458,1,404,414.0,70,False
0.042942848682054086,457,1,403,413.0,70,False
0.04321124721526338,456,1,402,412.0,70,False
0.04339839060971121,455,1,401,411.0,70,False
0.04346767841603133,454,1,400,410.0,70,False
0.04395659007981346,453,1,399,409.0,70,False
0.04419852651145521,452,1,398,408.0,70,False
0.04430190824403397,451,1,397,407.0,70,False
0.04490244349285621,450,1,396,406.0,70,False
0.044954938012710575,449,1,395,405.0,70,False
0.045110104067316276,448,1,394,404.0,70,False
0.04535004048537796,447,1,393,403.0,70,False
0.04603912608014024,446,1,392,402.0,70,False
0.04613292585383409,445,1,391,401.0,70,False
0.04629804811918651,444,1,390,400.0,70,False
0.046369078631035364,443,1,389,399.0,70,False
0.046546291429337666,442,2,389,409.0,70,False
0.04708007918865824,441,3,389,419.0,70,False
0.04719090232357451,440,3,388,418.0,70,False
0.04731000341128329,439,3,387,417.0,70,False
0.04740046463802386,438,3,386,416.0,70,False
0.04757786901003739,437,3,385,415.0,70,False
0.04757812970818401,436,3,384,414.0,70,False
0.047612358325880094,435,3,383,413.0,70,False
0.047697379908837816,434,3,382,412.0,70,False
0.047891400816982184,433,3,381,411.0,70,False
0.04805640724792955,432,3,380,410.0,70,False
0.04844761495176338,431,3,379,409.0,70,False
0.04865177446905334,430,3,378,408.0,70,False
0.04896478742569623,429,3,377,407.0,70,False
0.050034574209255944,428,3,376,406.0,70,False
0.05017066974667012,427,3,375,405.0,70,False
0.050171936822732965,426,3,374,404.0,70,False
0.05037347282711976,425,3,373,403.0,70,False
0.05113133778863758,424,3,372,402.0,70,False
0.051462411457027714,423,3,371,401.0,70,False
0.052896103070530165,422,3,370,400.0,70,False
0.05340453457264535,421,3,369,399.0,70,False
0.05370600440421875,420,3,368,398.0,70,False
0.053742368232735795,419,3,367,397.0,70,False
0.05381036998216478,418,3,366,396.0,70,False
0.053932370129356644,417,3,365,395.0,70,False
0.054033791414443276,416,3,364,394.0,70,False
0.05411297995905636,415,3,363,393.0,70,False
0.05433772910937469,414,3,362,392.0,70,False
0.054885280723429984,413,3,361,391.0,70,False
0.05531504086557219,412,3,360,390.0,70,False
0.05533724306221955,411,3,359,389.0,70,False
0.055517442089007205,410,3,358,388.0,70,False
0.055578799791711625,409,3,357,387.0,70,False
0.055660104678713226,408,3,356,386.0,70,False
0.05675431698464529,407,3,355,385.0,70,False
0.056861289552981656,406,3,354,384.0,70,False
0.057284617468685815,405,3,353,383.0,70,False
0.057541170532810056,404,3,352,382.0,70,False
0.057892465966200464,403,3,351,381.0,70,False
0.058327610258834844,402,3,350,380.0,70,False
0.058369610901642145,401,3,349,379.0,70,False
0.058683578908100276,400,3,348,378.0,70,False
0.05870915972563133,399,3,347,377.0,70,False
0.05966298489367583,398,3,346,376.0,70,False
0.059828829551187075,397,3,345,375.0,70,False
0.06035682929014325,396,3,344,374.0,70,False
0.06041240105773827,395,3,343,373.0,70,False
0.06060876399191259,394,3,342,372.0,70,False
0.06075801470846754,393,3,341,371.0,70,False
0.06124590019347815,392,3,340,370.0,70,False
0.06125103717753579,391,3,339,369.0,70,False
0.06127968411411858,390,3,338,368.0,70,False
0.06134844304727408,389,3,337,367.0,70,False
0.06136789130352631,388,3,336,366.0,70,False
0.06172705558010332,387,3,335,365.0,70,False
0.06228919760190715,386,3,334,364.0,70,False
0.06247884579377801,385,3,333,363.0,70,False
0.06260634837208924,384,3,332,362.0,70,False
0.06307766142691941,383,3,331,361.0,70,False
0.06323728153790008,382,3,330,360.0,70,False
0.0638414221036283,381,3,329,359.0,70,False
0.06403481810442005,380,3,328,358.0,70,False
0.06423548634133837,379,3,327,357.0,70,False
0.06498087688743176,378,3,326,356.0,70,False
0.06558057420269454,377,3,325,355.0,70,False
0.06564328706828844,376,4,325,365.0,70,False
0.0657077663505815,375,4,324,364.0,70,False
0.06593052423982812,374,4,323,363.0,70,False
0.06637382869448281,373,4,322,362.0,70,False
0.06637769709865587,372,4,321,361.0,70,False
0.06681434144524201,371,4,320,360.0,70,False
0.06710427406475734,370,4,319,359.0,70,False
0.06811916696797683,369,4,318,358.0,70,False
0.06826280325821615,368,4,317,357.0,70,False
0.06837419145248369,367,5,317,367.0,70,False
0.06942931331339487,366,5,316,366.0,70,False
0.07030698340673582,365,5,315,365.0,70,False
0.07081597955532885,364,5,314,364.0,70,False
0.07097620996292206,363,5,313,363.0,70,False
0.0711627525763463,362,6,313,373.0,70,False
0.07133455982334411,361,6,312,372.0,70,False
0.07198990674369671,360,6,311,371.0,70,False
0.07201937758900658,359,6,310,370.0,70,False
0.07243943566964853,358,6,309,369.0,70,False
0.07267717886070868,357,6,308,368.0,70,False
0.07294022980893437,356,6,307,367.0,70,False
0.07341421996582853,355,6,306,366.0,70,False
0.0735559422472086,354,6,305,365.0,70,False
0.07470919958948775,353,6,304,364.0,70,False
0.0756339661979046,352,6,303,363.0,70,False
0.07565225033968445,351,6,302,362.0,70,False
0.07596952558109203,350,6,301,361.0,70,False
0.07658031291827579,349,6,300,360.0,70,False
0.07723004918724097,348,6,299,359.0,70,False
0.0780980536271461,347,6,298,358.0,70,False
0.07954630528545509,346,6,297,357.0,70,False
0.08036063180279171,345,6,296,356.0,70,False
0.0829359215107492,344,6,295,355.0,70,False
0.08449700037184815,343,6,294,354.0,70,False
0.08483699598513283,342,6,293,353.0,70,False
0.08524196235472509,341,6,292,352.0,70,False
0.08529211742536066,340,6,291,351.0,70,False
0.08566922655140827,339,6,290,350.0,70,False
0.0864359040789455,338,6,289,349.0,70,False
0.08697448894861061,337,6,288,348.0,70,False
0.08712916310283925,336,6,287,347.0,70,False
0.08729826922379816,335,6,286,346.0,70,False
0.08753958498540083,334,6,285,345.0,70,False
0.0877548110234433,333,6,284,344.0,70,False
0.08851332289862254,332,6,283,343.0,70,False
0.08919166037510005,331,6,282,342.0,70,False
0.09005490862237338,330,6,281,341.0,70,False
0.0903809106238272,329,6,280,340.0,70,False
0.09102459537620537,328,6,279,339.0,70,False
0.09131773197862993,327,6,278,338.0,70,False
0.09177685965228388,326,6,277,337.0,70,False
0.09203607080549704,325,6,276,336.0,70,False
0.09405979458549509,324,6,275,335.0,70,False
0.09428751855080572,323,6,274,334.0,70,False
0.09477249053450977,322,6,273,333.0,70,False
0.09513772718382753,321,6,272,332.0,70,False
0.09524124191692145,320,6,271,331.0,70,False
0.0959838985193922,319,6,270,330.0,70,False
0.09655559201055555,318,6,269,329.0,70,False
0.09719044377085044,317,6,268,328.0,70,False
0.09744671545380823,316,6,267,327.0,70,False
0.09750305781446583,315,6,266,326.0,70,False
0.09932473693202692,314,6,265,325.0,70,False
0.09956154323890848,313,6,264,324.0,70,False
0.09992495464408653,312,6,263,323.0,70,False
0.10085826211775345,311,6,262,322.0,70,False
0.10141376265330919,310,6,261,321.0,70,False
0.10187129712139752,309,6,260,320.0,70,False
0.10267208854596262,308,6,259,319.0,70,False
0.1031114207433036,307,6,258,318.0,70,False
0.10330322426075318,306,6,257,317.0,70,False
0.10334230241819392,305,6,256,316.0,70,False
0.10434618494054541,304,6,255,315.0,70,False
0.105205581348328,303,6,254,314.0,70,False
0.10532046712024708,302,6,253,313.0,70,False
0.10620366590659473,301,6,252,312.0,70,False
0.10641244984698167,300,6,251,311.0,70,False
0.1066336813674232,299,6,250,310.0,70,False
0.10792958559510558,298,6,249,309.0,70,False
0.10801211202065897,297,6,248,308.0,70,False
0.10920733632786234,296,6,247,307.0,70,False
0.10926280929361781,295,7,247,317.0,70,False
0.10930306651069174,294,7,246,316.0,70,False
0.1093163478893571,293,7,245,315.0,70,False
0.10965831680111089,292,7,244,314.0,70,False
0.1098860879041789,291,7,243,313.0,70,False
0.11047204282167769,290,7,242,312.0,70,False
0.11058043631531633,289,7,241,311.0,70,False
0.11161477955797224,288,7,240,310.0,70,False
0.11229187006697323,287,7,239,309.0,70,False
0.11236366034905178,286,7,238,308.0,70,False
0.11284932108768687,285,7,237,307.0,70,False
0.11289146554107261,284,7,236,306.0,70,False
0.1147112963201397,283,7,235,305.0,70,False
0.11545994731208879,282,7,234,304.0,70,False
0.11736644180384678,281,7,233,303.0,70,False
0.11982072314288428,280,7,232,302.0,70,False
0.12085534994530281,279,7,231,301.0,70,False
0.12192072520888016,278,7,230,300.0,70,False
0.12294840426455249,277,7,229,299.0,70,False
0.1237324686673171,276,7,228,298.0,70,False
0.12401336034411321,275,7,227,297.0,70,False
0.12425385674640121,274,7,226,296.0,70,False
0.1243777891108649,273,7,225,295.0,70,False
0.12448332768029963,272,7,224,294.0,70,False
0.1279764775739168,271,8,224,304.0,70,False
0.1284285417412034,270,8,223,303.0,70,False
0.12904787572891308,269,8,222,302.0,70,False
0.12970799531489519,268,8,221,301.0,70,False
0.12971815133115022,267,8,220,300.0,70,False
0.1319146080743415,266,8,219,299.0,70,False
0.13345853526663193,265,8,218,298.0,70,False
0.1342813894295184,264,8,217,297.0,70,False
0.13930102456910343,263,8,216,296.0,70,False
0.1397301401044377,262,8,215,295.0,70,False
0.1402467372470389,261,8,214,294.0,70,False
0.14082366304507196,260,8,213,293.0,70,False
0.1423533483219595,259,8,212,292.0,70,False
0.14277803549146453,258,8,211,291.0,70,False
0.14279754108118925,257,8,210,290.0,70,False
0.144991848633446,256,8,209,289.0,70,False
0.1463378087170626,255,9,209,299.0,70,False
0.14789130945856607,254,9,208,298.0,70,False
0.1483727466926889,253,9,207,297.0,70,False
0.14857202953679852,252,9,206,296.0,70,False
0.15044999663298717,251,9,205,295.0,70,False
0.15067540828797704,250,9,204,294.0,70,False
0.15155450216547522,249,9,203,293.0,70,False
0.15205956006338173,248,9,202,292.0,70,False
0.15211603067734888,247,9,201,291.0,70,False
0.15641872433567455,246,9,200,290.0,70,False
0.16119876765628402,245,9,199,289.0,70,False
0.16176712759000786,244,9,198,288.0,70,False
0.1623031961920296,243,9,197,287.0,70,False
0.1630301744130739,242,9,196,286.0,70,False
0.16491968711550573,241,10,196,296.0,70,False
0.16507607786097633,240,10,195,295.0,70,False
0.1669024874585661,239,10,194,294.0,70,False
0.16786908418604873,238,10,193,293.0,70,False
0.1754148881366247,237,11,193,303.0,70,False
0.17672125566862,236,11,192,302.0,70,False
0.17768093571338392,235,11,191,301.0,70,False
0.17794292604111667,234,11,190,300.0,70,False
0.1788000969783703,233,11,189,299.0,70,False
0.17890867264549487,232,11,188,298.0,70,False
0.1789651908533764,231,11,187,297.0,70,False
0.18074772893084198,230,11,186,296.0,70,False
0.18092215689193974,229,11,185,295.0,70,False
0.18275404489835775,228,11,184,294.0,70,False
0.18623386814807644,227,11,183,293.0,70,False
0.18686577489051193,226,11,182,292.0,70,False
0.18817297851413298,225,11,181,291.0,70,False
0.18902013425929137,224,11,180,290.0,70,False
0.18925962929215812,223,11,179,289.0,70,False
0.19032784540195313,222,11,178,288.0,70,False
0.19043510124534405,221,11,177,287.0,70,False
0.1944975050553467,220,11,176,286.0,70,False
0.19535507652115908,219,11,175,285.0,70,False
0.19624786275117406,218,12,175,295.0,70,False
0.19836296547353838,217,12,174,294.0,70,False
0.19969992000988634,216,12,173,293.0,70,False
0.19976245830682451,215,12,172,292.0,70,False
0.2045784233953589,214,12,171,291.0,70,False
0.20507020662545866,213,12,170,290.0,70,False
0.20744964276365202,212,12,169,289.0,70,False
0.209583845653004,211,12,168,288.0,70,False
0.21033303538356404,210,12,167,287.0,70,False
0.2125139093902502,209,12,166,286.0,70,False
0.21271377386230564,208,12,165,285.0,70,False
0.21299184872816543,207,12,164,284.0,70,False
0.21452919135537524,206,12,163,283.0,70,False
0.21492335219394726,205,13,163,293.0,70,False
0.21597835703861534,204,13,162,292.0,70,False
0.21937658921396075,203,13,161,291.0,70,False
0.2238840470102688,202,13,160,290.0,70,False
0.22410904203560808,201,13,159,289.0,70,False
0.22682521304042436,200,13,158,288.0,70,False
0.22732163765992486,199,13,157,287.0,70,False
0.23073421948565817,198,13,156,286.0,70,False
0.2307519360975647,197,13,155,285.0,70,False
0.23316388138211866,196,13,154,284.0,70,False
0.23466213624289606,195,14,154,294.0,70,False
0.23603738741925906,194,14,153,293.0,70,False
0.23622018124126112,193,14,152,292.0,70,False
0.24259811196720577,192,15,152,302.0,70,False
0.24283408926851738,191,15,151,301.0,70,False
0.24666491958143316,190,15,150,300.0,70,False
0.24887453590255632,189,15,149,299.0,70,False
0.25117571032686814,188,15,148,298.0,70,False
0.25135264822850917,187,15,147,297.0,70,False
0.25453559816217175,186,15,146,296.0,70,False
0.25555048267786523,185,15,145,295.0,70,False
0.25619615174614135,184,15,144,294.0,70,False
0.25714522663790523,183,15,143,293.0,70,False
0.2573490039316343,182,15,142,292.0,70,False
0.2577930777365482,181,15,141,291.0,70,False
0.258202000842997,180,15,140,290.0,70,False
0.25846803284125425,179,15,139,289.0,70,False
0.2605131728280085,178,15,138,288.0,70,False
0.2605595425386541,177,16,138,298.0,70,False
0.26088547340092233,176,16,137,297.0,70,False
0.2628489364543096,175,16,136,296.0,70,False
0.26288777672411406,174,16,135,295.0,70,False
0.2649065756913844,173,16,134,294.0,70,False
0.2654827243582194,172,16,133,293.0,70,False
0.26597482381541465,171,16,132,292.0,70,False
0.26698218812714924,170,16,131,291.0,70,False
0.2677655358864399,169,16,130,290.0,70,False
0.27265486402971917,168,16,129,289.0,70,False
0.2753814228465913,167,17,129,299.0,70,False
0.27589317075820163,166,17,128,298.0,70,False
0.275989282246706,165,18,128,308.0,70,False
0.27779241545077665,164,18,127,307.0,70,False
0.2791569528000309,163,18,126,306.0,70,False
0.27954310571889646,162,18,125,305.0,70,False
0.2797002661543015,161,18,124,304.0,70,False
0.2823501539166417,160,18,123,303.0,70,False
0.2830990373072658,159,18,122,302.0,70,False
0.2876454562843782,158,18,121,301.0,70,False
0.29248982429687864,157,18,120,300.0,70,False
0.29257017445199585,156,19,120,310.0,70,False
0.29411859599784573,155,19,119,309.0,70,False
0.2941217484667815,154,19,118,308.0,70,False
0.2947155021407878,153,19,117,307.0,70,False
0.2951381763928268,152,19,116,306.0,70,False
0.29587337203780545,151,19,115,305.0,70,False
0.3031026770458637,150,19,114,304.0,70,False
0.30434030230770615,149,19,113,303.0,70,False
0.3072818532504139,148,19,112,302.0,70,False
0.3129322586873478,147,19,111,301.0,70,False
0.32296187151900807,146,19,110,300.0,70,False
0.32680891961501435,145,19,109,299.0,70,False
0.33501029441428243,144,19,108,298.0,70,False
0.3355087712932326,143,19,107,297.0,70,False
0.3355918367104472,142,19,106,296.0,70,False
0.33660766877257364,141,19,105,295.0,70,False
0.3375772753697986,140,19,104,294.0,70,False
0.3399178552380932,139,19,103,293.0,70,False
0.3423338063929848,138,20,103,303.0,70,False
0.34276636221495577,137,20,102,302.0,70,False
0.3498014307695817,136,20,101,301.0,70,False
0.3548450542205622,135,20,100,300.0,70,False
0.35852868308134495,134,20,99,299.0,70,False
0.35898986301542657,133,20,98,298.0,70,False
0.35947986615770366,132,20,97,297.0,70,False
0.36273467074382515,131,21,97,307.0,70,False
0.36405696293547496,130,22,97,317.0,70,False
0.3684468088615445,129,22,96,316.0,70,False
0.382248156442098,128,23,96,326.0,70,False
0.38543250761424674,127,23,95,325.0,70,False
0.38717833712318733,126,23,94,324.0,70,False
0.3912742627524217,125,23,93,323.0,70,False
0.3941611168229951,124,23,92,322.0,70,False
0.3994191659294643,123,23,91,321.0,70,False
0.40369424975812285,122,23,90,320.0,70,False
0.4123191773804726,121,23,89,319.0,70,False
0.41520384542195277,120,24,89,329.0,70,False
0.41886846121221155,119,24,88,328.0,70,False
0.419151609017805,118,24,87,327.0,70,False
0.4213287897575082,117,25,87,337.0,70,False
0.42499079997938216,116,25,86,336.0,70,False
0.4272638381543839,115,25,85,335.0,70,False
0.43212620940452495,114,26,85,345.0,70,False
0.4355491980559668,113,26,84,344.0,70,False
0.4371723073546752,112,26,83,343.0,70,False
0.43993182166117833,111,26,82,342.0,70,False
0.4495305605908825,110,26,81,341.0,70,False
0.4528368868799837,109,27,81,351.0,70,False
0.4570800802296518,108,27,80,350.0,70,False
0.46045475430348837,107,27,79,349.0,70,False
0.46563015403946845,106,27,78,348.0,70,False
0.46660367425517735,105,27,77,347.0,70,False
0.4674845130511662,104,27,76,346.0,70,False
0.47165252232417887,103,27,75,345.0,70,False
0.4718789532141001,102,27,74,344.0,70,False
0.47393220301275024,101,27,73,343.0,70,False
0.4747333249078445,100,27,72,342.0,70,False
0.4855858781836684,99,28,72,352.0,70,False
0.48770120943544826,98,29,72,362.0,70,False
0.4877268357005264,97,29,71,361.0,70,False
0.48845488338465926,96,29,70,360.0,70,False
0.4907641096025009,95,29,69,359.0,70,False
0.4923644813383919,94,29,68,358.0,70,False
0.49490288275730826,93,29,67,357.0,70,False
0.4970849142539374,92,29,66,356.0,70,False
0.5,91,29,65,355.0,70,False
0.5083888483140954,91,29,65,355.0,70,False
0.510176574514705,90,29,64,354.0,70,False
0.5116281985654029,89,29,63,353.0,70,False
0.5174310448721655,88,29,62,352.0,70,False
0.5240842016637726,87,29,61,351.0,70,False
0.5245808994464701,86,29,60,350.0,70,False
0.5274716980932034,85,30,60,360.0,70,False
0.5277566704577037,84,30,59,359.0,70,False
0.5299451084573166,83,31,59,369.0,70,False
0.531343301380729,82,32,59,379.0,70,False
0.5352230790286713,81,32,58,378.0,70,False
0.5404816704995269,80,33,58,388.0,70,False
0.5485176116556378,79,33,57,387.0,70,False
0.5489471831511524,78,33,56,386.0,70,False
0.5516506285830772,77,33,55,385.0,70,False
0.5536368624630232,76,33,54,384.0,70,False
0.5540598066648489,75,34,54,394.0,70,False
0.5581530246125667,74,34,53,393.0,70,False
0.562595605191731,73,34,52,392.0,70,False
0.5647332315691252,72,34,51,391.0,70,False
0.5742927317657794,71,34,50,390.0,70,False
0.5769080530199359,70,34,49,389.0,70,True
0.5772191792799095,69,34,48,388.0,70,True
0.5881953696965011,68,34,47,387.0,70,True
0.5942232677679522,67,35,47,397.0,70,True
0.6068344804235469,66,36,47,407.0,70,True
0.6136663447951938,65,37,47,417.0,70,True
0.6160487107120916,64,38,47,427.0,70,True
0.6181059421274341,63,38,46,426.0,70,True
0.6284026188197995,62,38,45,425.0,70,True
0.6340306956202881,61,39,45,435.0,70,True
0.6353665286021968,60,39,44,434.0,70,True
0.6401849263727224,59,40,44,444.0,70,True
0.6421875500006912,58,40,43,443.0,70,True
0.6438534316422461,57,40,42,442.0,70,True
0.6447116492798154,56,41,42,452.0,70,True
0.649717277863867,55,41,41,451.0,70,True
0.6521348194418265,54,41,40,450.0,70,True
0.6552962082019301,53,41,39,449.0,70,True
0.656018635465793,52,41,38,448.0,70,True
0.6592969025748243,51,41,37,447.0,70,True
0.6633799884265082,50,41,36,446.0,70,True
0.6686855208468541,49,41,35,445.0,70,True
0.6725967400963949,48,41,34,444.0,70,True
0.6779656330524516,47,42,34,454.0,70,True
0.6823716416068715,46,43,34,464.0,70,True
0.6916523236015081,45,44,34,474.0,70,True
0.7032941822687531,44,44,33,473.0,70,True
0.7141140279844261,43,44,32,472.0,70,True
0.7141607289320433,42,45,32,482.0,70,True
0.716166968256863,41,45,31,481.0,70,True
0.7329677605336473,40,45,30,480.0,70,True
0.7380152139862101,39,45,29,479.0,70,True
0.7420972228654488,38,45,28,478.0,70,True
0.7476178524034228,37,45,27,477.0,70,True
0.7529344843825786,36,45,26,476.0,70,True
0.7533242986702807,35,45,25,475.0,70,True
0.7570325696135859,34,45,24,474.0,70,True
0.7602064478198052,33,45,23,473.0,70,True
0.7612256056299794,32,45,22,472.0,70,True
0.7619138606485624,31,45,21,471.0,70,True
0.762088718505066,30,45,20,470.0,70,True
0.7706516469962542,29,45,19,469.0,70,True
0.771721171169829,28,46,19,479.0,70,True
0.7723652670421164,27,46,18,478.0,70,True
0.775086219039348,26,46,17,477.0,70,True
0.7766077689064719,25,47,17,487.0,70,True
0.7766396449024888,24,47,16,486.0,70,True
0.7877068961091559,23,47,15,485.0,70,True
0.7902973132951934,22,47,14,484.0,70,True
0.7926813129411319,21,47,13,483.0,70,True
0.7934788594823803,20,48,13,493.0,70,True
0.7950347327725662,19,49,13,503.0,70,True
0.7970028470162621,18,49,12,502.0,70,True
0.8047848773413238,17,49,11,501.0,70,True
0.8154746571953124,16,49,10,500.0,70,True
0.8166944689050656,15,49,9,499.0,70,True
0.822073267607506,14,49,8,498.0,70,True
0.8234180627352012,13,50,8,508.0,70,True
0.8278436251336221,12,50,7,507.0,70,True
0.8282058642104341,11,50,6,506.0,70,True
0.8291931631056705,10,50,5,505.0,70,True
0.8338438930866803,9,50,4,504.0,70,True
0.8345018664438562,8,51,4,514.0,70,True
0.8351361083286885,7,52,4,524.0,70,True
0.8608681315283248,6,52,3,523.0,70,True
0.883821206241089,5,53,3,533.0,70,True
0.8951799072207464,4,53,2,532.0,70,True
0.9042397992914586,3,54,2,542.0,70,True
0.9078345555776705,2,54,1,541.0,70,True
0.9188545641888852,1,54,0,540.0,70,True
1.0000000000000002,0,55,0,550.0,70,True
