feature,mean_absolute_shap_log_odds,source
bureau_score,0.904202988447488,LIVE
dti,0.543731942905802,LIVE
loan_amount_sar,0.34896654359755025,LIVE
savings_balance_sar,0.21688225373282516,LIVE
existing_obligations_sar,0.20215942239425386,LIVE
prior_defaults,0.18303060886213884,LIVE
months_employed,0.1583662996350432,LIVE
income_sar,0.15485500797786256,LIVE
recent_inquiries,0.14919786518546366,LIVE
utilization_ratio,0.1286796425695052,LIVE
salary_transfer,0.10765188349945336,LIVE
num_open_accounts,0.0892506897669304,LIVE
residence_years,0.07516454928400322,LIVE
credit_history_months,0.07240884533973072,LIVE
age,0.07095541247027248,LIVE
tenor_months,0.065600814350913,LIVE
region_eastern,0.04340998570615876,LIVE
region_central,0.03823021076011607,LIVE
employment_government,0.012705838123456971,LIVE
region_western,0.011697681790524909,LIVE
employment_self_employed,0.009342402998270615,LIVE
employment_private,0.007421687287160748,LIVE
