application_id,customer_id,application_date,default_within_90d,raw_probability,probability
TR-000342,TR-C04277,2024-07-01,0,0.034584782446310476,0.0620715957185196
TR-001448,TR-C06100,2024-07-01,0,0.039888586251482096,0.06380428093701447
TR-002468,TR-C04031,2024-07-01,0,0.02387929242342115,0.05870735438185319
TR-002800,TR-C01796,2024-07-01,0,0.004283954789727779,0.05298836209460283
TR-004910,TR-C00767,2024-07-01,0,0.021340334888113217,0.05793493107890727
TR-005140,TR-C02444,2024-07-01,0,0.04831642602824236,0.0666504768944648
TR-007077,TR-C04843,2024-07-01,0,0.0034324892435544595,0.05275217050499027
TR-007470,TR-C06033,2024-07-01,0,0.07335970836977178,0.07581695436625638
TR-008464,TR-C03929,2024-07-01,0,0.24128181184275468,0.17216367992545012
TR-000676,TR-C00176,2024-07-02,0,0.06731631080575848,0.07350425788574409
TR-000957,TR-C04379,2024-07-02,0,0.1665428598815082,0.12085138150364445
TR-001212,TR-C01704,2024-07-02,1,0.02943707932337904,0.06043200973627649
TR-001644,TR-C03392,2024-07-02,0,0.011109243724105312,0.054918036869299865
TR-002247,TR-C01781,2024-07-02,0,0.03051748315148506,0.060772732524451284
TR-002278,TR-C03930,2024-07-02,0,0.009513826357937063,0.054461129619250745
TR-004309,TR-C05868,2024-07-02,0,0.005728253578112634,0.053391286541242464
TR-005951,TR-C05950,2024-07-02,0,0.07620560031840734,0.07692900547282153
TR-006549,TR-C01803,2024-07-02,0,0.07373752429687205,0.0759637344847254
TR-009433,TR-C00036,2024-07-02,0,0.04662067058939738,0.06606848043616886
TR-009810,TR-C01779,2024-07-02,0,0.03366421361129972,0.06177536766281585
TR-000968,TR-C01465,2024-07-03,0,0.01693699427177011,0.056617883555426136
TR-001017,TR-C02363,2024-07-03,0,0.022835847010383846,0.058388746593426494
TR-001823,TR-C06242,2024-07-03,0,0.12705562756354655,0.099469298591902
TR-002424,TR-C04218,2024-07-03,0,0.05328268474422305,0.0683824253915178
TR-003080,TR-C01895,2024-07-03,0,0.025907006278279757,0.0593311673928383
TR-003083,TR-C01658,2024-07-03,0,0.09329302557305903,0.08392567239155407
TR-003273,TR-C02475,2024-07-03,0,0.004971965805966094,0.0531799412602942
TR-005107,TR-C02425,2024-07-03,0,0.05099966688841569,0.06758111906193372
TR-005956,TR-C02248,2024-07-03,0,0.017403444228702797,0.05675605585798637
TR-007708,TR-C00711,2024-07-03,0,0.026055922372740195,0.059377224454868024
TR-008447,TR-C01396,2024-07-03,0,0.027384401109195898,0.059789583606987946
TR-008542,TR-C01602,2024-07-03,0,0.031997195610619755,0.06124229982018453
TR-009539,TR-C05532,2024-07-03,0,0.015798560115125572,0.05628198189397593
TR-009668,TR-C04017,2024-07-03,0,0.01990379642002431,0.05750213001081739
TR-009969,TR-C00562,2024-07-03,0,0.009801899285724745,0.05454336417332195
TR-000082,TR-C05161,2024-07-04,0,0.06282514042552043,0.0718278241663746
TR-003008,TR-C01682,2024-07-04,0,0.07332545792051758,0.07580366106899368
TR-003763,TR-C03787,2024-07-04,0,0.09209597858996796,0.08341726058497445
TR-004657,TR-C00792,2024-07-04,0,0.11808797453542538,0.09510715970704416
TR-006144,TR-C01421,2024-07-04,0,0.02435590989289647,0.05885342748250546
TR-006299,TR-C00996,2024-07-04,0,0.045353328492012776,0.06563660603785734
TR-006547,TR-C02544,2024-07-04,1,0.1887165374884159,0.13452138347667572
TR-007208,TR-C03824,2024-07-04,0,0.02948685520301892,0.060447668010628855
TR-007960,TR-C01217,2024-07-04,0,0.054773722831970455,0.0689105015290877
TR-008135,TR-C01832,2024-07-04,0,0.07022386413565715,0.07460870485271784
TR-008229,TR-C01167,2024-07-04,0,0.011342951453300033,0.05498527023949115
TR-008463,TR-C05964,2024-07-04,0,0.019826792233289994,0.05747901608375478
TR-000842,TR-C04834,2024-07-05,0,0.06365212987050807,0.07213384447314686
TR-001698,TR-C02396,2024-07-05,0,0.01608142750900427,0.05636526819245014
TR-002139,TR-C00499,2024-07-05,0,0.08486109631839536,0.08040364476183748
TR-002600,TR-C04747,2024-07-05,0,0.0024423818530982786,0.05247877070706102
TR-004415,TR-C04106,2024-07-05,0,0.3207304914757877,0.2441136284154522
TR-004624,TR-C03366,2024-07-05,0,0.017752980954318827,0.05685980365134707
TR-007336,TR-C02317,2024-07-05,0,0.013457580717956039,0.05559714303014895
TR-008074,TR-C00377,2024-07-05,0,0.009380348322345574,0.05442306602151617
TR-009740,TR-C04590,2024-07-05,1,0.06547564395643522,0.07281287300171477
TR-000808,TR-C06060,2024-07-06,1,0.05950197240181972,0.07061015677795376
TR-003107,TR-C01542,2024-07-06,0,0.08629695151385668,0.08099372390586153
TR-004966,TR-C05501,2024-07-06,0,0.06847701247531436,0.07394333893529843
TR-006369,TR-C06045,2024-07-06,0,0.020996179725714596,0.0578309661755201
TR-007113,TR-C02728,2024-07-06,0,0.10760800649462912,0.0902269568010606
TR-007756,TR-C05653,2024-07-06,1,0.060812162201557815,0.07108793906394706
TR-008164,TR-C04223,2024-07-06,0,0.11442960191633827,0.09337729729551482
TR-008495,TR-C06270,2024-07-06,0,0.014044064136562654,0.0557679752086673
TR-000392,TR-C04887,2024-07-07,0,0.043565183491730664,0.06503171994702253
TR-000819,TR-C01496,2024-07-07,1,0.019871562934248323,0.057492453599211096
TR-001294,TR-C01711,2024-07-07,0,0.004877877724967344,0.05315370355558293
TR-002847,TR-C03727,2024-07-07,0,0.05620481547387453,0.06942089619490244
TR-003090,TR-C04346,2024-07-07,0,0.06235363795860472,0.07165388530602111
TR-004515,TR-C03027,2024-07-07,0,0.05103384918797677,0.0675930520811434
TR-004753,TR-C05278,2024-07-07,0,0.02413529393926388,0.05878577108468109
TR-004840,TR-C05154,2024-07-07,0,0.0042274028469734505,0.052972644011192
TR-007082,TR-C05042,2024-07-07,0,0.06259667025833522,0.071743492150995
TR-008322,TR-C03684,2024-07-07,0,0.004806939135861625,0.0531339294719458
TR-008454,TR-C01234,2024-07-07,0,0.034614290230341294,0.06208111287803838
TR-009248,TR-C02986,2024-07-07,0,0.005268259490303072,0.05326264655001666
TR-001549,TR-C03737,2024-07-08,1,0.12119017609962832,0.09659644904816372
TR-001554,TR-C06420,2024-07-08,0,0.00678409700352181,0.05368766877647529
TR-002218,TR-C05891,2024-07-08,0,0.1656090284540451,0.12030284247561664
TR-004170,TR-C05720,2024-07-08,0,0.03812501660099264,0.0632232009121313
TR-004755,TR-C02941,2024-07-08,0,0.041247789040090035,0.06425551765688657
TR-005532,TR-C01679,2024-07-08,1,0.08578837236868994,0.08078426790864401
TR-006543,TR-C03217,2024-07-08,0,0.03977926268772082,0.06376811559366928
TR-001668,TR-C03006,2024-07-09,0,0.03476627303820107,0.06213015355192389
TR-002462,TR-C05567,2024-07-09,0,0.022918797810987004,0.05841401550705444
TR-002680,TR-C03464,2024-07-09,0,0.08264482824861193,0.07950054569493978
TR-003598,TR-C00433,2024-07-09,0,0.017852130112448645,0.05688926505351885
TR-004314,TR-C02445,2024-07-09,1,0.31728153749319826,0.2406054488977499
TR-004746,TR-C05034,2024-07-09,0,0.019998271015246982,0.05753049985763935
TR-005441,TR-C04000,2024-07-09,0,0.010810919951686919,0.05483232716728422
TR-005484,TR-C00173,2024-07-09,1,0.09549881196298214,0.08486989467105631
TR-007258,TR-C03408,2024-07-09,0,0.05193439570143945,0.0679081370679234
TR-009730,TR-C02988,2024-07-09,0,0.05368667232997009,0.06852513288426705
TR-000431,TR-C02264,2024-07-10,0,0.0073112923411448915,0.05383623627265395
TR-000540,TR-C02293,2024-07-10,1,0.22228638981510312,0.1576794434766565
TR-001004,TR-C04122,2024-07-10,0,0.10506252351252422,0.0890761371335305
TR-002851,TR-C00068,2024-07-10,0,0.08439374026963362,0.08021242791923738
TR-003733,TR-C02517,2024-07-10,0,0.30352481085153765,0.2269577987449058
TR-004327,TR-C02601,2024-07-10,0,0.16458517777185386,0.11970389692333243
TR-004557,TR-C02760,2024-07-10,0,0.0363912733025325,0.06265676193266038
TR-006900,TR-C04915,2024-07-10,0,0.0029466653795636013,0.05261785159133412
TR-007209,TR-C04199,2024-07-10,0,0.027692791814169174,0.05988569072507306
TR-007413,TR-C05047,2024-07-10,0,0.005613362124937894,0.05335912904492234
TR-009103,TR-C05412,2024-07-10,1,0.13371712896476548,0.10282399858816063
TR-000568,TR-C04312,2024-07-11,0,0.014838957819539655,0.05600030204335972
TR-001173,TR-C01413,2024-07-11,1,0.4425124612420217,0.3880216095135853
TR-001692,TR-C01334,2024-07-11,0,0.10194387286148958,0.0876842490990071
TR-002722,TR-C01289,2024-07-11,1,0.12046496011441292,0.09624643655673384
TR-005683,TR-C05634,2024-07-11,0,0.05649802016219997,0.06952589762805474
TR-008151,TR-C01669,2024-07-11,0,0.0996656796954807,0.08667992326642987
TR-001640,TR-C04340,2024-07-12,0,0.015901065743018243,0.05631214984619728
TR-003560,TR-C00330,2024-07-12,0,0.10254864335248651,0.08795261932359894
TR-004682,TR-C04665,2024-07-12,1,0.08161954704634093,0.07908590057368992
TR-006011,TR-C05692,2024-07-12,0,0.08785476324685168,0.08163838635359012
TR-009184,TR-C02652,2024-07-12,0,0.02227106002261593,0.05821697056693252
TR-000603,TR-C04526,2024-07-13,0,0.027471475165054344,0.05981670479096859
TR-000726,TR-C03183,2024-07-13,0,0.0673658020521096,0.07352293080257048
TR-004603,TR-C04096,2024-07-13,0,0.022133605151232024,0.058175236416808156
TR-005476,TR-C04263,2024-07-13,0,0.2273643369466963,0.16145161171953562
TR-006022,TR-C00217,2024-07-13,0,0.0065408775787297296,0.05361925820382756
TR-001018,TR-C01028,2024-07-14,0,0.00926696670348801,0.05439075296397559
TR-001354,TR-C02337,2024-07-14,0,0.04906371475900133,0.06690846057756591
TR-002987,TR-C01116,2024-07-14,0,0.006736648137932464,0.05367431632533695
TR-004680,TR-C00541,2024-07-14,0,0.12534211896096098,0.09862226686574968
TR-005266,TR-C00110,2024-07-14,0,0.032835011440405903,0.06150967132632755
TR-006694,TR-C02754,2024-07-14,0,0.1487623366020863,0.11077106736043009
TR-008433,TR-C05427,2024-07-14,0,0.05928013220977563,0.07052955340168125
TR-008461,TR-C01967,2024-07-14,0,0.010865658938366126,0.05484804446870121
TR-001711,TR-C02287,2024-07-15,0,0.01998786047874786,0.05752737302564956
TR-002053,TR-C01341,2024-07-15,0,0.018393999335994605,0.05705053085312209
TR-002100,TR-C05018,2024-07-15,0,0.6481238768186645,0.6644894367107326
TR-003776,TR-C03506,2024-07-15,0,0.08606964090156057,0.08090004593298884
TR-005813,TR-C04512,2024-07-15,0,0.2675781389385147,0.19392596691928804
TR-008167,TR-C05042,2024-07-15,1,0.13239785541032456,0.10215176013406671
TR-000782,TR-C03986,2024-07-16,0,0.016418878367365292,0.056464777403274956
TR-002018,TR-C04936,2024-07-16,0,0.04888110997190966,0.06684533516124189
TR-002712,TR-C06131,2024-07-16,0,0.17604107676883787,0.12655410512927318
TR-003037,TR-C03213,2024-07-16,0,0.04032683930325759,0.06394945145233068
TR-005819,TR-C02617,2024-07-16,1,0.04673016644730805,0.0661059172101648
TR-008764,TR-C05877,2024-07-16,0,0.014571019684667086,0.05592188912302479
TR-009167,TR-C04901,2024-07-16,0,0.027827365623582897,0.05992767472686468
TR-000171,TR-C02235,2024-07-17,0,0.029078977756126796,0.060319471563063186
TR-000710,TR-C00953,2024-07-17,0,0.28293224693741015,0.20756864748381837
TR-001339,TR-C04209,2024-07-17,0,0.022621763467403036,0.05832357869725928
TR-002529,TR-C05183,2024-07-17,0,0.09898054987248792,0.08637993090184035
TR-002588,TR-C06161,2024-07-17,0,0.01543529740805455,0.05617519406616856
TR-003230,TR-C03277,2024-07-17,0,0.39486131454282236,0.32748031929975013
TR-004220,TR-C05590,2024-07-17,0,0.10764617703207141,0.09024431530706778
TR-004928,TR-C03894,2024-07-17,0,0.006558083476133005,0.053624095019837115
TR-006135,TR-C05842,2024-07-17,0,0.462612070065204,0.414767158110069
TR-007537,TR-C02326,2024-07-17,0,0.012913281449609368,0.055439039084981385
TR-007896,TR-C02725,2024-07-17,0,0.08698001208441279,0.08127581846688384
TR-002066,TR-C04548,2024-07-18,0,0.04377872957328789,0.06510368377584862
TR-002791,TR-C02288,2024-07-18,0,0.06397108358806454,0.07225219153421261
TR-003633,TR-C03872,2024-07-18,0,0.14078011625682502,0.10648992075106575
TR-000128,TR-C03759,2024-07-19,0,0.01609327420235112,0.05636875881066969
TR-001050,TR-C02533,2024-07-19,0,0.04974025728785642,0.06714282000843592
TR-001609,TR-C04988,2024-07-19,0,0.01326040321775616,0.05553981943966569
TR-002200,TR-C00836,2024-07-19,0,0.004675730018894061,0.05309737331681637
TR-005378,TR-C00000,2024-07-19,1,0.034878568544384654,0.06216641145971001
TR-005710,TR-C04372,2024-07-19,0,0.09062321678596207,0.08279558867042022
TR-008055,TR-C00651,2024-07-19,0,0.021435240089927463,0.057963631575647885
TR-009329,TR-C03177,2024-07-19,0,0.011648440253182896,0.05507327058585242
TR-009602,TR-C01300,2024-07-19,0,0.00780302017531077,0.05397515817598204
TR-000561,TR-C02784,2024-07-20,0,0.017311380198033344,0.0567287594744702
TR-002025,TR-C02630,2024-07-20,0,0.09358730757158051,0.08405109068372175
TR-005305,TR-C06189,2024-07-20,0,0.021283651686549127,0.05791779574588601
TR-005554,TR-C05496,2024-07-20,0,0.06688246858405256,0.07334075716430578
TR-007287,TR-C03179,2024-07-20,0,0.04625061574477439,0.06594210396947854
TR-007801,TR-C00684,2024-07-20,1,0.1518256260472086,0.112453635059182
TR-008311,TR-C01830,2024-07-20,0,0.07144489503200249,0.0750770525467527
TR-009563,TR-C00919,2024-07-20,0,0.03259892580274561,0.06143421931911827
TR-000507,TR-C05930,2024-07-21,0,0.39717164414300604,0.33030516825774214
TR-000527,TR-C05233,2024-07-21,0,0.08285972158968286,0.07958770445970408
TR-001311,TR-C01999,2024-07-21,0,0.040315651093763616,0.06394574155369583
TR-001521,TR-C01238,2024-07-21,0,0.05117981071282067,0.06764402914997308
TR-002096,TR-C01199,2024-07-21,0,0.07742690857141708,0.07741080989639078
TR-002108,TR-C05321,2024-07-21,0,0.022937453909068255,0.05841970003948329
TR-002341,TR-C00804,2024-07-21,0,0.1025408356047901,0.08794914986847527
TR-003936,TR-C03458,2024-07-21,0,0.05816205508521133,0.07012460427082853
TR-004105,TR-C05499,2024-07-21,0,0.006782408709151447,0.05368719362457492
TR-004633,TR-C01525,2024-07-21,1,0.01887981202698438,0.05719547870552701
TR-005414,TR-C06143,2024-07-21,0,0.03886911217100754,0.06346776933112416
TR-006965,TR-C02206,2024-07-21,0,0.17724320274730843,0.12729204175721728
TR-009003,TR-C02930,2024-07-21,0,0.011430800887958713,0.0550105629301822
TR-009039,TR-C06084,2024-07-21,0,0.010510760005265808,0.054746217107058556
TR-000167,TR-C04767,2024-07-22,0,0.02154865088329341,0.05799794588960754
TR-000545,TR-C02532,2024-07-22,0,0.03968815591014953,0.06373799114220527
TR-000549,TR-C03874,2024-07-22,1,0.4539701080494217,0.40319614435237416
TR-002891,TR-C02450,2024-07-22,0,0.01122298929488744,0.05495074967831657
TR-003072,TR-C05863,2024-07-22,0,0.034307442362361475,0.061982211649444084
TR-003875,TR-C02384,2024-07-22,0,0.20253194373368805,0.14368339891931456
TR-004931,TR-C04627,2024-07-22,0,0.042207063801117085,0.06457577091171515
TR-005363,TR-C00204,2024-07-22,0,0.04756179812589646,0.06639089713026394
TR-005674,TR-C01859,2024-07-22,0,0.09983792909046978,0.0867554929447359
TR-006328,TR-C01750,2024-07-22,0,0.03614997184639331,0.06257830167566027
TR-006991,TR-C02566,2024-07-22,0,0.04292919312860976,0.06481783301759667
TR-009409,TR-C06054,2024-07-22,1,0.38936164852725447,0.32080620693226114
TR-001912,TR-C05847,2024-07-23,0,0.020062029647449964,0.05754965341209156
TR-001986,TR-C02885,2024-07-23,0,0.0023003939772747103,0.052439673290372295
TR-002319,TR-C04311,2024-07-23,0,0.047478740844269264,0.06636238420667591
TR-002714,TR-C04316,2024-07-23,0,0.024196418039551294,0.05880450873503069
TR-004211,TR-C05763,2024-07-23,0,0.14750381855338646,0.11008621368561504
TR-004356,TR-C02443,2024-07-23,0,0.09179891222711979,0.08329152435895645
TR-005576,TR-C01994,2024-07-23,0,0.18665868791847037,0.1331996982905454
TR-009712,TR-C01471,2024-07-23,0,0.02155727583331176,0.05800055629096168
TR-000466,TR-C04655,2024-07-24,0,0.08417391491361416,0.08012263087436841
TR-000718,TR-C02056,2024-07-24,0,0.09829827742565903,0.08608212419655138
TR-002230,TR-C03600,2024-07-24,0,0.2684542386785639,0.19468574412581638
TR-002678,TR-C04537,2024-07-24,0,0.022583892785725514,0.05831205781316436
TR-003024,TR-C00004,2024-07-24,0,0.11457883990038549,0.09344730894689739
TR-007745,TR-C01890,2024-07-24,0,0.039511944851369794,0.06367976459214518
TR-008922,TR-C00786,2024-07-24,0,0.24822134796622328,0.17771182023209434
TR-009827,TR-C04316,2024-07-24,0,0.024082752010108812,0.05876966878105821
TR-003223,TR-C01769,2024-07-25,0,0.04418834429248578,0.06524192902866827
TR-003939,TR-C03851,2024-07-25,0,0.03586932223486521,0.062487162529537725
TR-007628,TR-C04587,2024-07-25,0,0.2215903020742876,0.15716797355342504
TR-007856,TR-C05106,2024-07-25,0,0.03363910502402369,0.061767306549216514
TR-000313,TR-C00599,2024-07-26,0,0.041555080718503605,0.06435794542759453
TR-001269,TR-C00649,2024-07-26,1,0.1324052038726229,0.10215549374757295
TR-003690,TR-C03875,2024-07-26,0,0.053607027650755985,0.06849697680453909
TR-006269,TR-C04715,2024-07-26,0,0.15911992012040488,0.11655019768915492
TR-006461,TR-C03112,2024-07-26,1,0.22798320545812967,0.1619162873420807
TR-009222,TR-C05045,2024-07-26,0,0.010430584186326905,0.05472323778951027
TR-009628,TR-C05444,2024-07-26,0,0.0110914301326388,0.05491291540726167
TR-000544,TR-C02044,2024-07-27,1,0.008237919818946195,0.054098306722881274
TR-001118,TR-C00327,2024-07-27,0,0.04919095786058186,0.06695248049084607
TR-001502,TR-C01172,2024-07-27,0,0.30716450387369004,0.23051470825447895
TR-002366,TR-C04378,2024-07-27,1,0.38518802510107736,0.3157895780541538
TR-002793,TR-C03885,2024-07-27,0,0.007085537581276778,0.05377256952395751
TR-003600,TR-C03424,2024-07-27,0,0.09737051528195546,0.08567865534260867
TR-004369,TR-C02403,2024-07-27,0,0.18252290791822706,0.13057666638106535
TR-004417,TR-C01897,2024-07-27,1,0.5053598261830977,0.47315390448573286
TR-004592,TR-C02850,2024-07-27,0,0.17179318836689497,0.12397574995062845
TR-005355,TR-C03639,2024-07-27,0,0.05229896387912515,0.06803607972139068
TR-005529,TR-C01782,2024-07-27,0,0.060334132177149766,0.07091327260256651
TR-006356,TR-C06243,2024-07-27,0,0.07689129612935941,0.07719917212618431
TR-000416,TR-C06319,2024-07-28,0,0.02360773097201662,0.058624278670705035
TR-000435,TR-C02406,2024-07-28,0,0.02117840805419497,0.057885993207333904
TR-001352,TR-C05076,2024-07-28,0,0.0757463425310953,0.07674854113660817
TR-002113,TR-C04245,2024-07-28,0,0.028274352432759362,0.060067322412084165
TR-004042,TR-C04448,2024-07-28,0,0.003963375294675635,0.05289931825458042
TR-004295,TR-C04871,2024-07-28,0,0.024299181421837693,0.058836023567132335
TR-005095,TR-C00581,2024-07-28,1,0.05275149359137831,0.06819520268256246
TR-005494,TR-C05647,2024-07-28,0,0.016645564410216154,0.05653171644369124
TR-007137,TR-C06475,2024-07-28,0,0.026242509167928117,0.05943497966287919
TR-001423,TR-C01602,2024-07-29,0,0.022982270464300916,0.05843335781074879
TR-004050,TR-C03724,2024-07-29,0,0.04593770854404984,0.06583541918703488
TR-004261,TR-C03484,2024-07-29,0,0.0559388855152266,0.06932578921792304
TR-004820,TR-C00688,2024-07-29,0,0.06421601543233167,0.07234319445689748
TR-008146,TR-C03403,2024-07-29,0,0.02128836130271657,0.05791921928174989
TR-009317,TR-C05602,2024-07-29,0,0.024746624381330948,0.058973427222731065
TR-000147,TR-C02280,2024-07-30,0,0.07315782088312096,0.07573862857790396
TR-000411,TR-C03877,2024-07-30,0,0.01199637252649218,0.0551736589176804
TR-000807,TR-C05562,2024-07-30,0,0.027471093191150146,0.05981658579140474
TR-002505,TR-C02514,2024-07-30,0,0.010304304689314621,0.05468706305088835
TR-005280,TR-C01664,2024-07-30,0,0.007900731918361638,0.05400280372009784
TR-006056,TR-C00933,2024-07-30,0,0.004832109144616112,0.0531409447999454
TR-007143,TR-C02067,2024-07-30,0,0.10341406982975729,0.08833794800875745
TR-007991,TR-C04865,2024-07-30,0,0.05111899522930089,0.06762278500795965
TR-008269,TR-C03274,2024-07-30,1,0.29058094906739224,0.21462429989848128
TR-008336,TR-C03198,2024-07-30,0,0.0256131102464156,0.059240368851188614
TR-009281,TR-C02005,2024-07-30,0,0.22751438883383415,0.16156417875978707
TR-009918,TR-C03160,2024-07-30,0,0.05426246103760015,0.06872900553740183
TR-000438,TR-C05906,2024-07-31,0,0.025619366000405448,0.05924230019586761
TR-000772,TR-C02072,2024-07-31,0,0.03522523414441646,0.062278467319805055
TR-001281,TR-C03156,2024-07-31,0,0.10339709004282488,0.08833037316516947
TR-001299,TR-C05008,2024-07-31,0,0.09395736324543172,0.08420904411118417
TR-001303,TR-C00224,2024-07-31,0,0.035905420268215915,0.062498878186062076
TR-001610,TR-C06110,2024-07-31,0,0.25275155853469156,0.18140873709470656
TR-002238,TR-C01479,2024-07-31,1,0.19279644046554975,0.1371745112836745
TR-004165,TR-C04724,2024-07-31,0,0.0030616509177253076,0.052649613190448745
TR-004423,TR-C05751,2024-07-31,0,0.02471058312878565,0.05896234831475443
TR-004581,TR-C03100,2024-07-31,1,0.01652398492209841,0.05649580547315687
TR-007127,TR-C05919,2024-07-31,0,0.033745478965478325,0.061801464648381876
TR-008499,TR-C06299,2024-07-31,0,0.05032467544999066,0.06734587989980886
TR-009886,TR-C01673,2024-07-31,0,0.019784508444412995,0.05746632770020005
TR-001637,TR-C06103,2024-08-01,0,0.03918691022626546,0.06357249135702216
TR-001902,TR-C03363,2024-08-01,0,0.023271267907983475,0.05852150125135334
TR-002587,TR-C05241,2024-08-01,0,0.043370862030343876,0.0649662990328776
TR-004713,TR-C02738,2024-08-01,0,0.09071662144434822,0.08283489049264146
TR-006070,TR-C01419,2024-08-01,0,0.0037872043261807167,0.05285044535097355
TR-000083,TR-C06152,2024-08-02,0,0.10368368904149251,0.08845830632718632
TR-000267,TR-C01278,2024-08-02,0,0.004762229789599392,0.05312147033931645
TR-000436,TR-C03809,2024-08-02,0,0.03511150151061354,0.06224168372247703
TR-003026,TR-C03381,2024-08-02,0,0.12707431239043024,0.09947857055570539
TR-003534,TR-C06353,2024-08-02,0,0.034611879804171505,0.062080335391041186
TR-007331,TR-C02022,2024-08-02,0,0.00986360047628746,0.05456099287262275
TR-007589,TR-C04518,2024-08-02,1,0.0916023968785498,0.08320844204392708
TR-007637,TR-C03006,2024-08-02,0,0.05312529465973402,0.06832690235904171
TR-008170,TR-C00217,2024-08-02,0,0.026954357802784875,0.05965580568816527
TR-008381,TR-C00781,2024-08-02,0,0.03258842541235921,0.06143086544705585
TR-009391,TR-C04583,2024-08-02,0,0.03961495751097764,0.06371379770377954
TR-001489,TR-C01053,2024-08-03,0,0.0335723027499648,0.061745864459501344
TR-003368,TR-C00529,2024-08-03,0,0.0431069554033811,0.0648775494019343
TR-004096,TR-C03431,2024-08-03,0,0.08242834598133712,0.07941283066040451
TR-004688,TR-C05947,2024-08-03,0,0.026820172170594108,0.059614120622112445
TR-006970,TR-C02424,2024-08-03,0,0.07804001406226241,0.07765372001107257
TR-007849,TR-C02250,2024-08-03,1,0.6061060601100559,0.6107829167612319
TR-000217,TR-C01148,2024-08-04,0,0.02085130604581454,0.05778725407037984
TR-000987,TR-C02463,2024-08-04,0,0.04496796322001044,0.06550580569316444
TR-001189,TR-C03561,2024-08-04,0,0.016556340349509147,0.05650536021086535
TR-003745,TR-C04495,2024-08-04,0,0.09955352666198995,0.08663075124168947
TR-007001,TR-C00558,2024-08-04,0,0.06441881648555149,0.07241862390792161
TR-008812,TR-C03079,2024-08-04,0,0.02185203830058196,0.05808983450848644
TR-009598,TR-C06326,2024-08-04,0,0.291906917372624,0.21586502598961962
TR-000754,TR-C06134,2024-08-05,0,0.00757812374202113,0.05391157901637345
TR-003984,TR-C02717,2024-08-05,0,0.02140184849965449,0.057953532028180176
TR-005070,TR-C00962,2024-08-05,1,0.6744639307071058,0.6962023407142662
TR-005424,TR-C05042,2024-08-05,0,0.24984408040382183,0.17902923172316787
TR-005497,TR-C01858,2024-08-05,0,0.06412425517956,0.07230908912534514
TR-006094,TR-C04720,2024-08-05,0,0.019946239575426242,0.057514873672181006
TR-006614,TR-C03949,2024-08-05,0,0.057679455368816954,0.06995047963071448
TR-009723,TR-C05986,2024-08-05,0,0.020063554628824795,0.057550111600838755
TR-000560,TR-C03395,2024-08-06,0,0.03999719997984739,0.06384023038600663
TR-003143,TR-C02954,2024-08-06,0,0.023037965351420935,0.058450334909202685
TR-003313,TR-C00756,2024-08-06,0,0.04297951374875683,0.06483473222976728
TR-005887,TR-C01515,2024-08-06,1,0.10662110959831969,0.08977919678172304
TR-006542,TR-C02587,2024-08-06,0,0.04110025044068485,0.06420639342653432
TR-007290,TR-C01362,2024-08-06,0,0.14527407905555037,0.10888195451781722
TR-008005,TR-C03479,2024-08-06,0,0.08242255417637202,0.07941048513183088
TR-008688,TR-C00939,2024-08-06,0,0.5083644767690958,0.4773047952723356
TR-001551,TR-C05055,2024-08-07,0,0.08282564866228233,0.07957387897261463
TR-002460,TR-C00523,2024-08-07,1,0.1435346032475569,0.10795052592888638
TR-003051,TR-C02921,2024-08-07,0,0.04305786585103594,0.06486105343907592
TR-004312,TR-C02415,2024-08-07,1,0.09463683884020853,0.08449977134988562
TR-004648,TR-C03692,2024-08-07,0,0.005728909908349421,0.053391470297046995
TR-005237,TR-C00545,2024-08-07,0,0.044435641747654166,0.06532552423968284
TR-006425,TR-C04669,2024-08-07,0,0.07380290920074435,0.075989162741075
TR-006912,TR-C01224,2024-08-07,0,0.029457741805965224,0.06043850918717056
TR-006922,TR-C03202,2024-08-07,0,0.01300268295268043,0.05546497867998046
TR-007070,TR-C01960,2024-08-07,0,0.28425979817391306,0.20878087680500512
TR-007289,TR-C00833,2024-08-07,0,0.003071787422203497,0.05265241398990065
TR-008453,TR-C02924,2024-08-07,0,0.02053209985556184,0.057691050802237964
TR-008601,TR-C01893,2024-08-07,1,0.017345352318986457,0.0567388305496039
TR-009085,TR-C02069,2024-08-07,0,0.24033135360287225,0.1714145690093994
TR-000228,TR-C03353,2024-08-08,0,0.024321288451620213,0.058842805282126376
TR-001749,TR-C04468,2024-08-08,0,0.003844252102666197,0.05286626673120898
TR-002528,TR-C00914,2024-08-08,1,0.07999486204052803,0.07843289123520858
TR-002756,TR-C04574,2024-08-08,0,0.08176976899530723,0.07914652962410455
TR-003930,TR-C04737,2024-08-08,0,0.03730554717660848,0.06295487572970822
TR-004317,TR-C00895,2024-08-08,0,0.11095288447080341,0.09175954078239366
TR-004718,TR-C00933,2024-08-08,0,0.01578224360091571,0.056277181259275576
TR-005055,TR-C02163,2024-08-08,0,0.0067163366010230315,0.05366860147067361
TR-005836,TR-C03755,2024-08-08,0,0.004770960189380231,0.0531239030190609
TR-006230,TR-C06063,2024-08-08,0,0.008778790606533844,0.05425183223342179
TR-007486,TR-C04817,2024-08-08,0,0.008366624386366843,0.05413480217694108
TR-007540,TR-C01692,2024-08-08,0,0.017922256682757865,0.05691011127918022
TR-007865,TR-C05296,2024-08-08,0,0.39281378191573,0.3249871919944835
TR-001291,TR-C01461,2024-08-09,0,0.0027922022167506735,0.05257521386367375
TR-003116,TR-C06170,2024-08-09,0,0.27095096301887805,0.1968633438059175
TR-005690,TR-C00861,2024-08-09,0,0.03278658179567038,0.06149418635280419
TR-006967,TR-C05378,2024-08-09,0,0.023985602190442806,0.058739906576545396
TR-007073,TR-C03080,2024-08-09,0,0.023510980208432487,0.0585947074510401
TR-008386,TR-C01448,2024-08-09,0,0.022622445943225575,0.05832378633721206
TR-008830,TR-C01271,2024-08-09,0,0.017582068647113855,0.05680905204335523
TR-009361,TR-C00413,2024-08-09,0,0.5451413749065268,0.5281914277942833
TR-000026,TR-C02632,2024-08-10,0,0.09869400095073498,0.08625474103220701
TR-004748,TR-C05689,2024-08-10,0,0.07343328194008714,0.0758455170039422
TR-005063,TR-C05402,2024-08-10,0,0.18644905034234147,0.1330656740097587
TR-005632,TR-C01451,2024-08-10,0,0.09280385582835282,0.08371757216714146
TR-007269,TR-C01308,2024-08-10,0,0.04220348037634549,0.06457457182713752
TR-009843,TR-C02024,2024-08-10,0,0.5713015527819774,0.5640958756507217
TR-000913,TR-C03449,2024-08-11,0,0.03916141712180453,0.06356408483376809
TR-003308,TR-C01838,2024-08-11,1,0.27993002216898083,0.20484640589823563
TR-007713,TR-C06499,2024-08-11,0,0.029080801155263146,0.060320044093388134
TR-008097,TR-C02052,2024-08-11,0,0.013594357273226765,0.055636939516770886
TR-008579,TR-C06004,2024-08-11,0,0.08524901264184559,0.08056267499534946
TR-009220,TR-C00331,2024-08-11,0,0.18573198994659534,0.13260810992645677
TR-001651,TR-C02830,2024-08-12,0,0.060790780961886566,0.07108011813375435
TR-002261,TR-C03889,2024-08-12,1,0.20384777320706998,0.14458257581646855
TR-003204,TR-C04978,2024-08-12,0,0.08241520024646111,0.07940750707498212
TR-003750,TR-C03254,2024-08-12,0,0.07503493181595597,0.07646976009377819
TR-005099,TR-C01362,2024-08-12,0,0.10030157729384721,0.086959202150828
TR-005644,TR-C00516,2024-08-12,0,0.03164423538354639,0.06112998546009012
TR-008156,TR-C05359,2024-08-12,0,0.07228682892911287,0.07540156292434715
TR-000838,TR-C00185,2024-08-13,1,0.20774038825860644,0.14727000408689234
TR-001496,TR-C05663,2024-08-13,0,0.030207058124911115,0.06067465144426705
TR-002860,TR-C05795,2024-08-13,0,0.029404018826906204,0.06042161181022331
TR-007028,TR-C06233,2024-08-13,0,0.015768236895532885,0.0562730605222505
TR-000041,TR-C02320,2024-08-14,0,0.014977819330718204,0.05604098097234548
TR-000327,TR-C00144,2024-08-14,0,0.2684527771561964,0.19468447477695847
TR-000892,TR-C00562,2024-08-14,0,0.00816194077546388,0.05407677300315218
TR-001844,TR-C04250,2024-08-14,0,0.014463526265945197,0.05589045988421281
TR-003231,TR-C00822,2024-08-14,0,0.04885455824741922,0.06683616098950351
TR-006030,TR-C05787,2024-08-14,0,0.059724495701712045,0.07069109385828001
TR-008194,TR-C00838,2024-08-14,0,0.03966105107711303,0.06372903149052402
TR-008910,TR-C01521,2024-08-14,0,0.323774550007557,0.2472386015617027
TR-009268,TR-C06145,2024-08-14,0,0.022665473590605355,0.05833687868995694
TR-009333,TR-C04877,2024-08-14,0,0.042377535296739634,0.06463283798924623
TR-009419,TR-C06368,2024-08-14,0,0.012376106663964563,0.0552834196242376
TR-003042,TR-C01901,2024-08-15,0,0.02628275599881741,0.059447444377919025
TR-003194,TR-C04544,2024-08-15,0,0.13333158548520102,0.10262714009462498
TR-003343,TR-C03734,2024-08-15,0,0.06892680172369942,0.07411413734067496
TR-003794,TR-C03252,2024-08-15,0,0.10107622780359009,0.08730051952064939
TR-004807,TR-C02818,2024-08-15,0,0.008617220249540083,0.05420592771788364
TR-005189,TR-C01576,2024-08-15,0,0.012237892220056765,0.05524344549056616
TR-005586,TR-C04508,2024-08-15,0,0.025589087705405064,0.05923295289828999
TR-005862,TR-C04644,2024-08-15,0,0.14938274325314088,0.11111004757635523
TR-006099,TR-C03399,2024-08-15,0,0.022293151781372537,0.058223680702588765
TR-008895,TR-C02024,2024-08-15,0,0.14324846169423472,0.10779797958443645
TR-009238,TR-C03688,2024-08-15,0,0.08095875653408009,0.07881971167541338
TR-009512,TR-C04565,2024-08-15,0,0.0899746596304658,0.08252316320081408
TR-009616,TR-C05018,2024-08-15,1,0.17548453849434728,0.1262137092645134
TR-000667,TR-C05896,2024-08-16,0,0.03893480890211827,0.063489404773779
TR-000752,TR-C00065,2024-08-16,0,0.04488608582012651,0.06547804617511266
TR-001316,TR-C04969,2024-08-16,0,0.0681688119130828,0.07382651516735882
TR-001580,TR-C03695,2024-08-16,0,0.026377210432132894,0.05947670717135059
TR-002807,TR-C00125,2024-08-16,0,0.036315325152517654,0.06263205715477811
TR-003382,TR-C00751,2024-08-16,0,0.17126152074404033,0.1236562365079431
TR-005087,TR-C06239,2024-08-16,0,0.023073958900337834,0.0584613090419093
TR-005120,TR-C00222,2024-08-16,0,0.007242468094085613,0.053816819114765255
TR-006387,TR-C04353,2024-08-16,1,0.16803748699899387,0.1217338248528784
TR-006491,TR-C01800,2024-08-16,0,0.02698733926609495,0.05966605563207706
TR-008058,TR-C00955,2024-08-16,0,0.05468384713863629,0.06887856387982151
TR-009522,TR-C06175,2024-08-16,0,0.031560241859191096,0.061103286524426315
TR-000543,TR-C04050,2024-08-17,0,0.0528219683758017,0.06822001474129759
TR-002199,TR-C01400,2024-08-17,0,0.07322603927768588,0.07576508678611175
TR-003548,TR-C01589,2024-08-17,1,0.0588427272361817,0.07037087581495645
TR-005247,TR-C05672,2024-08-17,0,0.026622073791027222,0.05955263078332652
TR-005919,TR-C00484,2024-08-17,0,0.01558046777077101,0.05621784671500958
TR-006075,TR-C04928,2024-08-17,0,0.020060515185302347,0.05754919838729183
TR-008582,TR-C03739,2024-08-17,0,0.7720157376611919,0.7973276031561942
TR-001449,TR-C01570,2024-08-18,1,0.5885595214009275,0.5874427610760881
TR-003507,TR-C00407,2024-08-18,0,0.006292279816900885,0.05354941984621184
TR-003813,TR-C05118,2024-08-18,0,0.010371022747619424,0.05470617267498277
TR-004258,TR-C06218,2024-08-18,0,0.17221769056099856,0.12423136938505139
TR-005242,TR-C04623,2024-08-18,0,0.010148795055118884,0.05464254583779086
TR-007390,TR-C05448,2024-08-18,0,0.013834310316384086,0.05570682099528902
TR-008733,TR-C00103,2024-08-18,0,0.007839450247763152,0.05398546376113933
TR-009310,TR-C01778,2024-08-18,0,0.04961991845818402,0.06710107810303138
TR-001074,TR-C02138,2024-08-19,0,0.0487056395303846,0.06678472814280656
TR-001786,TR-C04408,2024-08-19,0,0.41621354283559575,0.3540415330137619
TR-002333,TR-C02937,2024-08-19,1,0.8223502566675188,0.8386891668850149
TR-002344,TR-C03829,2024-08-19,0,0.043348072200762165,0.06495863054594371
TR-002947,TR-C01473,2024-08-19,0,0.08702047697554655,0.0812925579754495
TR-005496,TR-C03666,2024-08-19,0,0.11002231630061685,0.0913308310146603
TR-005686,TR-C00169,2024-08-19,0,0.020938728025314688,0.05781362781170787
TR-006434,TR-C01554,2024-08-19,1,0.251203966052034,0.18013912291998202
TR-006861,TR-C01224,2024-08-19,0,0.028663118587996892,0.06018902842394071
TR-007473,TR-C00380,2024-08-19,0,0.18116318034982862,0.12972392567949328
TR-007624,TR-C00976,2024-08-19,0,0.04664220629856832,0.06607584196600029
TR-008287,TR-C00408,2024-08-19,0,0.045289358343105525,0.06561487654898804
TR-009075,TR-C03874,2024-08-19,0,0.05228295616148674,0.06803045723742296
TR-009338,TR-C00599,2024-08-19,0,0.03938342088765346,0.06363732686411884
TR-001562,TR-C03738,2024-08-20,0,0.042735946085847326,0.06475297281082322
TR-002055,TR-C01828,2024-08-20,0,0.10489221870222691,0.08899961640947938
TR-003387,TR-C02610,2024-08-20,0,0.06578725890842588,0.0729294978738404
TR-003425,TR-C00249,2024-08-20,0,0.04771254316457056,0.06644267580912395
TR-004512,TR-C03538,2024-08-20,0,0.023657948738850947,0.058639632909534826
TR-006940,TR-C05740,2024-08-20,0,0.6853051026154034,0.7087527190867521
TR-007160,TR-C01324,2024-08-20,0,0.018304000780182496,0.05702371665522125
TR-008809,TR-C00644,2024-08-20,0,0.09940823734212167,0.08656708858848214
TR-000624,TR-C05262,2024-08-21,1,0.1513876940032732,0.11221173275512444
TR-003708,TR-C03046,2024-08-21,0,0.09377649703250167,0.0841318100847356
TR-004776,TR-C05696,2024-08-21,0,0.01775515827159727,0.05686045047026854
TR-006936,TR-C01158,2024-08-21,0,0.18253508338991206,0.13058432359092464
TR-008782,TR-C04004,2024-08-21,1,0.4509884283604203,0.3992280468842362
TR-009700,TR-C05219,2024-08-21,0,0.44723782532875667,0.3942554307982968
TR-000482,TR-C01980,2024-08-22,0,0.20600479023979168,0.14606669172972392
TR-002317,TR-C04384,2024-08-22,0,0.19374784086074345,0.1377994926015475
TR-002911,TR-C01031,2024-08-22,0,0.00635922524445101,0.05356821832047046
TR-003218,TR-C01940,2024-08-22,0,0.09460431163274698,0.08448583319387934
TR-004235,TR-C01777,2024-08-22,0,0.020440984692870624,0.05766361785108423
TR-005221,TR-C06176,2024-08-22,1,0.1732604984807086,0.12486123019225216
TR-008532,TR-C00734,2024-08-22,0,0.01904418979044825,0.05724460099563628
TR-009358,TR-C01631,2024-08-22,0,0.06222376146312005,0.07160604174944495
TR-009941,TR-C06437,2024-08-22,0,0.033722394886241076,0.061794050542153756
TR-000980,TR-C00015,2024-08-23,0,0.06023230677028101,0.07087611806244276
TR-001266,TR-C04295,2024-08-23,0,0.009325339785030163,0.05440738667096734
TR-001398,TR-C02338,2024-08-23,0,0.023766558470830843,0.05867285357188616
TR-001672,TR-C06342,2024-08-23,0,0.019491582572265184,0.057378499644427795
TR-003036,TR-C05161,2024-08-23,0,0.04707519033383332,0.06622401026671407
TR-003389,TR-C03206,2024-08-23,0,0.011031243750375534,0.05489561496570404
TR-008663,TR-C06147,2024-08-23,0,0.017757297439422264,0.05686108596280819
TR-008678,TR-C04595,2024-08-23,0,0.013739759198360327,0.055679275036122036
TR-009898,TR-C01429,2024-08-23,0,0.00837385687985357,0.05413685371073336
TR-000063,TR-C06458,2024-08-24,0,0.018053319344219724,0.05694909096069832
TR-001631,TR-C00065,2024-08-24,0,0.016537207311314625,0.056499709934707626
TR-002202,TR-C04966,2024-08-24,0,0.023344774120629963,0.05854394033148806
TR-005334,TR-C00118,2024-08-24,0,0.14361885622516168,0.1079954785990945
TR-005383,TR-C06424,2024-08-24,0,0.0640225574667225,0.07227130757252925
TR-006231,TR-C02328,2024-08-24,0,0.04059182162355829,0.06403737558269297
TR-006492,TR-C00034,2024-08-24,0,0.042307460289842544,0.06460937398314819
TR-006513,TR-C00238,2024-08-24,0,0.05662860886255422,0.06957271087929455
TR-006736,TR-C05156,2024-08-24,0,0.017583077918917327,0.05680935161689298
TR-006858,TR-C02506,2024-08-24,0,0.010578625525609363,0.054765675254336656
TR-007884,TR-C06338,2024-08-24,0,0.02015573879272639,0.05757781518443859
TR-008062,TR-C05431,2024-08-24,0,0.01572606428121118,0.05626065515979507
TR-009250,TR-C05990,2024-08-24,0,0.06984496409812435,0.0744639180866666
TR-007867,TR-C00963,2024-08-25,1,0.16048611318085126,0.1173317249101085
TR-008088,TR-C04535,2024-08-25,0,0.060678124088312906,0.07103892309555351
TR-009114,TR-C00856,2024-08-25,0,0.02472071797385043,0.05896546352028336
TR-003096,TR-C00851,2024-08-26,0,0.0513854270102393,0.06771590114579308
TR-004985,TR-C01886,2024-08-26,0,0.020158878378474788,0.057578758926775636
TR-006273,TR-C05392,2024-08-26,0,0.024600234604400115,0.0589284398377328
TR-006657,TR-C01033,2024-08-26,0,0.009368890813327504,0.05441979988099722
TR-008784,TR-C05561,2024-08-26,0,0.017187117379383037,0.05669193592641682
TR-009245,TR-C01811,2024-08-26,0,0.008124129271829431,0.05406605960842859
TR-000336,TR-C06318,2024-08-27,0,0.027803062698418972,0.05992009072241399
TR-001179,TR-C05430,2024-08-27,0,0.035662946835933074,0.062420222515285194
TR-002368,TR-C05110,2024-08-27,1,0.06438867216157873,0.07240740749746498
TR-003225,TR-C02418,2024-08-27,0,0.049489156536026556,0.06705574804576277
TR-003677,TR-C00278,2024-08-27,0,0.02255591336088942,0.05830354738336022
TR-003982,TR-C01096,2024-08-27,0,0.26058139632311755,0.18793897930248998
TR-005829,TR-C00745,2024-08-27,0,0.03365303438893769,0.06177177845137471
TR-006128,TR-C05969,2024-08-27,0,0.0054943680976950356,0.053325842528124265
TR-007134,TR-C01910,2024-08-27,0,0.09510385721280723,0.08470012251359432
TR-007221,TR-C05405,2024-08-27,0,0.055435703325727996,0.0691461614380205
TR-007597,TR-C06222,2024-08-27,0,0.06312490555154017,0.07193861101944654
TR-008687,TR-C04740,2024-08-27,0,0.01167575541839058,0.05508114556001995
TR-009607,TR-C05587,2024-08-27,0,0.45220110030717303,0.4008403383422672
TR-000430,TR-C01840,2024-08-28,0,0.00858057342310001,0.05419552091082813
TR-001528,TR-C02281,2024-08-28,0,0.06652667848341429,0.07320692170769241
TR-003443,TR-C05553,2024-08-28,0,0.036159834350715556,0.06258150671544638
TR-005179,TR-C04299,2024-08-28,0,0.09450585990575215,0.08444365859626372
TR-005297,TR-C02893,2024-08-28,0,0.028124840176613305,0.06002057789871824
TR-006360,TR-C01284,2024-08-28,1,0.04524335420173474,0.06559925391889698
TR-006833,TR-C04234,2024-08-28,0,0.18344942659209043,0.13116044931132126
TR-007011,TR-C00397,2024-08-28,0,0.07830346084492636,0.0777583109158912
TR-007365,TR-C02732,2024-08-28,0,0.07112028401409429,0.07495227936333333
TR-008040,TR-C05186,2024-08-28,0,0.036333474604742864,0.06263796006880387
TR-008682,TR-C02950,2024-08-28,0,0.4174097872675442,0.35555849421836966
TR-008720,TR-C06421,2024-08-28,0,0.023637004851399544,0.05863322879228509
TR-009074,TR-C00191,2024-08-28,0,0.10068838592668178,0.08712948202805182
TR-009166,TR-C01646,2024-08-28,0,0.005171738484738634,0.053235691048136406
TR-000531,TR-C03271,2024-08-29,0,0.04515160911704049,0.06556810836437932
TR-000738,TR-C04177,2024-08-29,0,0.009318772697239734,0.054405515106529544
TR-001184,TR-C05096,2024-08-29,0,0.08999706330085756,0.08253256021141135
TR-001359,TR-C01910,2024-08-29,0,0.08309046380775478,0.0796813885625631
TR-002857,TR-C01455,2024-08-29,0,0.12610634898370093,0.09899924912630818
TR-002951,TR-C05838,2024-08-29,0,0.03883457842677467,0.06345639933206838
TR-004389,TR-C05201,2024-08-29,0,0.013682983140240914,0.05566274039759296
TR-005219,TR-C01795,2024-08-29,0,0.03363261259270482,0.06176522231361353
TR-006469,TR-C04483,2024-08-29,0,0.01066455668874709,0.0547903224625006
TR-008350,TR-C06080,2024-08-29,0,0.004993179868399021,0.05318585877050096
TR-009154,TR-C00479,2024-08-29,0,0.03812768635145258,0.06322407682951713
TR-000044,TR-C01277,2024-08-30,0,0.013986563230643595,0.055751204403942364
TR-000102,TR-C02850,2024-08-30,0,0.01695902549944608,0.056624402548723626
TR-000145,TR-C01976,2024-08-30,0,0.023212990148045783,0.05850371666030601
TR-001478,TR-C05605,2024-08-30,1,0.02503727675151165,0.05906284370785808
TR-001505,TR-C03205,2024-08-30,0,0.08125667705346741,0.07893962262521116
TR-002295,TR-C03366,2024-08-30,0,0.01399054176470743,0.05575236463661637
TR-003637,TR-C01128,2024-08-30,0,0.006354108626930789,0.05356678133941997
TR-003911,TR-C03096,2024-08-30,0,0.05510862967574733,0.06902963266408327
TR-005648,TR-C01709,2024-08-30,0,0.02586286113384304,0.05931752052911365
TR-009296,TR-C01517,2024-08-30,0,0.03762931953515143,0.06306076383005965
TR-001045,TR-C01695,2024-08-31,0,0.04440415819321447,0.06531487616261174
TR-004836,TR-C02886,2024-08-31,0,0.021156384087565903,0.057879340075487395
TR-007852,TR-C05822,2024-08-31,0,0.08768712422736542,0.08156878918289234
TR-009710,TR-C00545,2024-08-31,0,0.01760179177793318,0.05681490656096368
TR-000011,TR-C04560,2024-09-01,0,0.04448385295493306,0.06534183291835197
TR-000395,TR-C04147,2024-09-01,0,0.1175292129144699,0.09484110576065977
TR-001165,TR-C02988,2024-09-01,0,0.131463015048986,0.10167777089555431
TR-001519,TR-C02218,2024-09-01,0,0.01903482780585586,0.05724180221683435
TR-003244,TR-C01039,2024-09-01,0,0.013649167507920973,0.05565289461733363
TR-004259,TR-C04826,2024-09-01,0,0.03973308332019969,0.06375284473028131
TR-005470,TR-C05710,2024-09-01,0,0.03858990481115465,0.06337589658981016
TR-005505,TR-C00510,2024-09-01,0,0.26411150493848323,0.19094170126059057
TR-006714,TR-C06373,2024-09-01,0,0.052862463620960726,0.06823427568778055
TR-007114,TR-C01550,2024-09-01,0,0.040478329897170984,0.06399970396533704
TR-007266,TR-C04112,2024-09-01,0,0.04510374389501184,0.06555186457224917
TR-007568,TR-C02293,2024-09-01,0,0.044742402222962614,0.06542935847309556
TR-009235,TR-C01934,2024-09-01,0,0.1630913522212997,0.11883464239630068
TR-009269,TR-C06420,2024-09-01,0,0.10433159637461317,0.08874813851367998
TR-000550,TR-C05746,2024-09-02,0,0.5155956011244619,0.4873062711258854
TR-002190,TR-C02412,2024-09-02,0,0.20901927452866823,0.14816191120744834
TR-002339,TR-C05226,2024-09-02,0,0.011416005627325011,0.05500630246628574
TR-003322,TR-C02552,2024-09-02,0,0.07190001073716112,0.07525231017618693
TR-005298,TR-C03654,2024-09-02,0,0.28561202987637385,0.2100209921137172
TR-005949,TR-C00678,2024-09-02,0,0.03847136376173453,0.06333692835246077
TR-008554,TR-C06454,2024-09-02,0,0.01981451374553347,0.0574753313235683
TR-009318,TR-C04405,2024-09-02,0,0.005834807661867941,0.0534211267967943
TR-009585,TR-C03207,2024-09-02,1,0.44892947095662067,0.3964956012187501
TR-002902,TR-C01010,2024-09-03,0,0.12057089636599128,0.09629749402197
TR-007892,TR-C03068,2024-09-03,0,0.08969408116960574,0.08240555961378697
TR-008345,TR-C02382,2024-09-03,0,0.01098908200873805,0.05488349872499595
TR-008458,TR-C01156,2024-09-03,0,0.01318388626078519,0.055517589358221965
TR-009572,TR-C05758,2024-09-03,0,0.05903742752552417,0.07044146653103796
TR-002233,TR-C06273,2024-09-04,0,0.061369030052926335,0.0712919128672903
TR-003226,TR-C02718,2024-09-04,0,0.0360279056818349,0.06253864624377255
TR-004556,TR-C04986,2024-09-04,0,0.00911170948460394,0.05434653495224074
TR-005050,TR-C05799,2024-09-04,0,0.09346704181873368,0.08399981478345864
TR-005741,TR-C00841,2024-09-04,0,0.03039171112072396,0.060732976065572764
TR-006126,TR-C00072,2024-09-04,0,0.05376492551081458,0.0685528074824584
TR-006197,TR-C05371,2024-09-04,0,0.027904425021180977,0.05995172793202722
TR-006218,TR-C00085,2024-09-04,0,0.005567827452785161,0.05334638919433971
TR-006638,TR-C04728,2024-09-04,0,0.02010412908177865,0.057562303668543036
TR-006661,TR-C03825,2024-09-04,1,0.47259848521349934,0.42825557768840367
TR-009486,TR-C02198,2024-09-04,0,0.14217254704851215,0.1072260883813977
TR-000742,TR-C01597,2024-09-05,0,0.007660975879442494,0.0539349934404614
TR-000748,TR-C04838,2024-09-05,0,0.009157102568010984,0.054359459617257945
TR-001488,TR-C02201,2024-09-05,0,0.009800463818466937,0.05454295410865189
TR-003517,TR-C02427,2024-09-05,0,0.015998399878379345,0.05634080987425098
TR-005020,TR-C03779,2024-09-05,0,0.058689982799869145,0.07031554242625325
TR-005698,TR-C01242,2024-09-05,0,0.1327913806821139,0.1023518730570172
TR-006366,TR-C01130,2024-09-05,0,0.02797888856520128,0.05997497945804574
TR-000952,TR-C01664,2024-09-06,1,0.1394360397930734,0.1057835439790794
TR-001141,TR-C03693,2024-09-06,0,0.011380491799801409,0.05499607712313689
TR-001812,TR-C02145,2024-09-06,0,0.09096212502493807,0.08293827182348287
TR-002838,TR-C02497,2024-09-06,0,0.006086665880537822,0.053491721749290115
TR-003524,TR-C03244,2024-09-06,1,0.09512208989107283,0.08470795308029681
TR-003791,TR-C02733,2024-09-06,0,0.030892036577621535,0.06089127284842884
TR-004864,TR-C04505,2024-09-06,0,0.03534438620787986,0.062317025445627526
TR-005096,TR-C01111,2024-09-06,0,0.028769046423712585,0.06022222987710917
TR-006407,TR-C00296,2024-09-06,0,0.028729015371583105,0.06020968074426652
TR-008607,TR-C05142,2024-09-06,0,0.025426268375470695,0.059182712177701845
TR-009462,TR-C03563,2024-09-06,0,0.05047465823198206,0.0673980841944944
TR-000390,TR-C00623,2024-09-07,0,0.04603652543488777,0.06586909316860019
TR-000446,TR-C05868,2024-09-07,0,0.003088826106827651,0.05265712223548248
TR-000874,TR-C03506,2024-09-07,0,0.09654117533281473,0.08531944030708563
TR-002586,TR-C06263,2024-09-07,0,0.11113451968934557,0.09184343028023967
TR-002645,TR-C00003,2024-09-07,0,0.030987893280941783,0.060921644733565906
TR-004977,TR-C06246,2024-09-07,0,0.4531796609862786,0.40214293888989344
TR-005691,TR-C02312,2024-09-07,0,0.030027468592490968,0.06061797643381265
TR-006147,TR-C04434,2024-09-07,0,0.017690431772080913,0.05684122502380764
TR-006161,TR-C01331,2024-09-07,0,0.08023883631151027,0.07853063605055152
TR-007353,TR-C04744,2024-09-07,1,0.03976197453276419,0.06376239824630803
TR-007652,TR-C05187,2024-09-07,0,0.06730562266510738,0.07350022585176125
TR-007683,TR-C01775,2024-09-07,0,0.05567142361707875,0.06923025600676262
TR-000401,TR-C02203,2024-09-08,0,0.005592327066856388,0.05335324342570242
TR-001840,TR-C03857,2024-09-08,0,0.1724019262316483,0.12434244992719849
TR-004240,TR-C03004,2024-09-08,0,0.023464040686137968,0.05858036574191137
TR-004421,TR-C00624,2024-09-08,0,0.06508038282389206,0.07266518999317856
TR-004562,TR-C05670,2024-09-08,0,0.1533212406061736,0.11328320977034381
TR-005797,TR-C04938,2024-09-08,0,0.030606184392159376,0.060800785565539486
TR-007157,TR-C04069,2024-09-08,0,0.005726438944881321,0.05339077849311023
TR-007171,TR-C04620,2024-09-08,0,0.057551735856735696,0.0699044646815108
TR-009437,TR-C06152,2024-09-08,0,0.004804243007328061,0.05313317806492453
TR-001916,TR-C02918,2024-09-09,0,0.013014262935945762,0.05546833941519857
TR-003751,TR-C02624,2024-09-09,0,0.005997370981218843,0.05346668264490956
TR-004141,TR-C00999,2024-09-09,0,0.08628406896054742,0.0809884121773228
TR-004703,TR-C04340,2024-09-09,0,0.01546154439081514,0.05618290346379312
TR-005230,TR-C04972,2024-09-09,0,0.21243196702404368,0.15056380152365778
TR-007989,TR-C03885,2024-09-09,0,0.005048982237574614,0.05320142740777753
TR-009082,TR-C00339,2024-09-09,0,0.010240325457731179,0.054668743798578515
TR-000775,TR-C05057,2024-09-10,0,0.051834160507822316,0.06787299934322724
TR-003822,TR-C03561,2024-09-10,1,0.16446985490824262,0.1196365955326655
TR-008276,TR-C05222,2024-09-10,0,0.041191284022539104,0.06423669969665889
TR-009831,TR-C01351,2024-09-10,0,0.1007839858379716,0.08717161322781009
TR-000565,TR-C04206,2024-09-11,0,0.0214719299490207,0.057974730614823965
TR-001377,TR-C03451,2024-09-11,0,0.043192785850475895,0.06490640108887367
TR-001611,TR-C03803,2024-09-11,1,0.03798201017069278,0.0631762985226189
TR-006115,TR-C03812,2024-09-11,1,0.034314899313915084,0.06198461338057769
TR-006992,TR-C05605,2024-09-11,0,0.015018292648928448,0.05605284270072624
TR-008642,TR-C04659,2024-09-11,0,0.03260171563364195,0.061435110432464975
TR-009334,TR-C03465,2024-09-11,0,0.21462638745003193,0.15212512034819228
TR-000004,TR-C04828,2024-09-12,1,0.08181226017222229,0.0791636866202518
TR-000345,TR-C02757,2024-09-12,0,0.12706211934584466,0.09947251991915794
TR-000575,TR-C02700,2024-09-12,0,0.014965771287083048,0.05603745044485209
TR-001369,TR-C00000,2024-09-12,0,0.04656839800996565,0.06605061532275618
TR-004097,TR-C06076,2024-09-12,1,0.12892740069588643,0.10040195428196817
TR-004393,TR-C05995,2024-09-12,0,0.07919380039634051,0.07811273954712339
TR-004407,TR-C01809,2024-09-12,0,0.05412885374631471,0.06868164847680451
TR-006470,TR-C00306,2024-09-12,0,0.35824990812038904,0.2844660084371084
TR-007119,TR-C01083,2024-09-12,0,0.2549556918318663,0.18322897228285603
TR-007911,TR-C05234,2024-09-12,0,0.08302392112249675,0.07965436110476146
TR-008769,TR-C03399,2024-09-12,0,0.013639555165576614,0.05565009618100167
TR-008905,TR-C02541,2024-09-12,0,0.04229463628500581,0.06460508083523041
TR-009937,TR-C01075,2024-09-12,0,0.07933768334273039,0.07817015543839878
TR-000016,TR-C02179,2024-09-13,0,0.13334592084517186,0.1026344537506361
TR-002928,TR-C01635,2024-09-13,0,0.04253322451401621,0.06468499756132305
TR-004511,TR-C04780,2024-09-13,0,0.02214540584540499,0.05817881825057404
TR-004570,TR-C06195,2024-09-13,0,0.02950491755630355,0.060453350923847564
TR-005181,TR-C00120,2024-09-13,1,0.07668799618810848,0.07711898066112793
TR-007717,TR-C04564,2024-09-13,0,0.2684810449780808,0.19470902681600705
TR-008549,TR-C00716,2024-09-13,1,0.2333295576003581,0.1659755855182903
TR-001317,TR-C05910,2024-09-14,0,0.045613363846819834,0.0657250041809386
TR-001629,TR-C02882,2024-09-14,0,0.05019298720848818,0.06730007429325
TR-001837,TR-C00687,2024-09-14,0,0.006035993139482981,0.053477511292993656
TR-002960,TR-C01149,2024-09-14,0,0.006948380708169121,0.053733923597311516
TR-005738,TR-C01322,2024-09-14,0,0.022431106150758252,0.058265599283689885
TR-006288,TR-C03228,2024-09-14,0,0.0307068833916875,0.0608326477491162
TR-006934,TR-C06082,2024-09-14,1,0.3397607605975062,0.264086185405637
TR-007490,TR-C01164,2024-09-14,0,0.141558199176036,0.1069007368723305
TR-007515,TR-C02774,2024-09-14,0,0.018360202121650758,0.05704045991179821
TR-008186,TR-C01356,2024-09-14,0,0.12269683112634205,0.09732724479326604
TR-008494,TR-C04306,2024-09-14,0,0.03753296106138735,0.06302923293195506
TR-008991,TR-C02848,2024-09-14,0,0.023640843415405188,0.05863440248011813
TR-009615,TR-C03053,2024-09-14,0,0.0026952452773827858,0.05254846672132204
TR-000608,TR-C03408,2024-09-15,0,0.07775234150312547,0.07753965840702061
TR-000844,TR-C02240,2024-09-15,0,0.03373205208404793,0.06179715212381185
TR-001635,TR-C03912,2024-09-15,1,0.06932003989813952,0.07426375889931407
TR-003168,TR-C00692,2024-09-15,1,0.07641431659034735,0.07701114856313472
TR-003886,TR-C03530,2024-09-15,0,0.1163288725893555,0.09427181667620431
TR-004297,TR-C04636,2024-09-15,0,0.19104807159040535,0.13603221259252604
TR-005459,TR-C05587,2024-09-15,0,0.14269135309824374,0.10750152030108207
TR-008744,TR-C02671,2024-09-15,0,0.03368538016484405,0.06178216394965485
TR-009070,TR-C04603,2024-09-15,0,0.009860578231340164,0.05456012925943019
TR-009253,TR-C02676,2024-09-15,0,0.004157050507138224,0.052953096380486425
TR-009459,TR-C06428,2024-09-15,0,0.05999771653869285,0.07079058808588465
TR-000285,TR-C06118,2024-09-16,0,0.07430143624868076,0.07618329740117775
TR-001426,TR-C04064,2024-09-16,0,0.04741908635587453,0.0663419123007036
TR-004089,TR-C04761,2024-09-16,0,0.02064937400388125,0.05772637773350717
TR-004168,TR-C01268,2024-09-16,0,0.09963409856447848,0.08666607437968105
TR-004319,TR-C01987,2024-09-16,0,0.1878320535419392,0.1339519581056752
TR-005412,TR-C02517,2024-09-16,0,0.016064844658940047,0.05636038241100858
TR-005600,TR-C05168,2024-09-16,0,0.03729288885193473,0.06295073925986329
TR-006255,TR-C05958,2024-09-16,0,0.0777677315812358,0.07754575665553472
TR-007194,TR-C01532,2024-09-16,0,0.007290641413161796,0.05383040940072152
TR-008092,TR-C04945,2024-09-16,0,0.014565002705488692,0.05592012942191496
TR-009983,TR-C00929,2024-09-16,0,0.009791209418505378,0.05454031050787128
TR-000188,TR-C04538,2024-09-17,0,0.18350634085758524,0.13119638212135623
TR-001140,TR-C04909,2024-09-17,0,0.0222905698219539,0.05822289642256064
TR-001324,TR-C01990,2024-09-17,0,0.01076457249891466,0.05481902265875486
TR-002729,TR-C00372,2024-09-17,0,0.02091922911352009,0.05780774433907971
TR-002755,TR-C02422,2024-09-17,0,0.10310725355312249,0.0882011648017882
TR-004055,TR-C00736,2024-09-17,0,0.09411902985853825,0.08427813395509202
TR-004628,TR-C06344,2024-09-17,1,0.13145604284712137,0.10167424313987647
TR-004846,TR-C05995,2024-09-17,0,0.04687126353818643,0.06615418755189005
TR-005920,TR-C00958,2024-09-17,0,0.051546605102598016,0.06777228952912745
TR-006613,TR-C06056,2024-09-17,0,0.0660857629764725,0.07304137724406383
TR-007025,TR-C02363,2024-09-17,0,0.05704542336987326,0.06972232510897866
TR-008512,TR-C04466,2024-09-17,0,0.07472988274946946,0.07635050503881018
TR-009370,TR-C02899,2024-09-17,0,0.014534526666385625,0.05591121732432476
TR-009426,TR-C03663,2024-09-17,0,0.034045459989675,0.0618978876460533
TR-009626,TR-C05116,2024-09-17,0,0.015735700474252608,0.056263489485076534
TR-000857,TR-C00761,2024-09-18,0,0.17057114516414676,0.12324240089843394
TR-001904,TR-C03694,2024-09-18,0,0.02831739656990902,0.060080786336078426
TR-003432,TR-C05621,2024-09-18,0,0.06521527549764963,0.07271555942912224
TR-005973,TR-C00577,2024-09-18,0,0.006536815327880213,0.05361811630891915
TR-007547,TR-C02877,2024-09-18,1,0.0941470090300145,0.08429009635712863
TR-008298,TR-C03259,2024-09-18,0,0.04122616314204387,0.06424831494161147
TR-008783,TR-C06344,2024-09-18,0,0.037127246711944575,0.06289663431065753
TR-009822,TR-C02446,2024-09-18,1,0.4487250538469781,0.3962246680500885
TR-000053,TR-C01406,2024-09-19,0,0.025926089852273643,0.05933706772768091
TR-000503,TR-C04515,2024-09-19,0,0.05364743964903771,0.06851126196148342
TR-000636,TR-C03962,2024-09-19,0,0.016988510184701863,0.05663312810819627
TR-000673,TR-C01234,2024-09-19,0,0.0022362130820085127,0.05242200963524396
TR-001972,TR-C02718,2024-09-19,0,0.01523878538934584,0.05611750515638792
TR-002002,TR-C00943,2024-09-19,0,0.02375276268971302,0.05866863285222971
TR-002464,TR-C01351,2024-09-19,0,0.11515748088036348,0.09371921073426855
TR-002930,TR-C00439,2024-09-19,0,0.10060511861699176,0.08709280085602432
TR-003413,TR-C04265,2024-09-19,0,0.12210999705019572,0.09704201909939403
TR-004381,TR-C05225,2024-09-19,0,0.2011604338424744,0.14275113093229122
TR-005719,TR-C03314,2024-09-19,0,0.06089011831160051,0.07111646094686343
TR-005971,TR-C03587,2024-09-19,0,0.07274159658161249,0.07557738147653835
TR-006314,TR-C05709,2024-09-19,1,0.3204761123329542,0.24385370197285897
TR-007330,TR-C03745,2024-09-19,0,0.058836533155898894,0.07036863115700873
TR-009363,TR-C02432,2024-09-19,0,0.017009379780994233,0.05663930492250536
TR-004313,TR-C01885,2024-09-20,0,0.009052008777695535,0.054329540921143414
TR-004567,TR-C05459,2024-09-20,0,0.0841367244807262,0.08010744793468634
TR-006082,TR-C00464,2024-09-20,0,0.04521575145826781,0.06558988191320032
TR-006119,TR-C01108,2024-09-20,0,0.017970054428698437,0.05692432402396462
TR-006981,TR-C04376,2024-09-20,0,0.0325179474554444,0.0614083588978957
TR-000734,TR-C04463,2024-09-21,0,0.09213208539761825,0.08343255489688009
TR-002576,TR-C05807,2024-09-21,0,0.06972203562152345,0.07441699971238983
TR-002929,TR-C01830,2024-09-21,0,0.02864144241373958,0.060182236471953865
TR-003138,TR-C00603,2024-09-21,0,0.11551002467028923,0.09388521762598644
TR-003174,TR-C03332,2024-09-21,0,0.0492151564852127,0.06696085507774288
TR-006381,TR-C03469,2024-09-21,0,0.004599744911826986,0.05307621397235899
TR-008103,TR-C03481,2024-09-21,0,0.19507324986463342,0.13867414884190485
TR-009640,TR-C05976,2024-09-21,0,0.06700916303277714,0.07338846944218576
TR-009997,TR-C01945,2024-09-21,0,0.06456931844378018,0.07247464819324606
TR-002305,TR-C02241,2024-09-22,0,0.023053510795555152,0.05845507434833966
TR-004176,TR-C06301,2024-09-22,0,0.021118438926536014,0.057867879057254906
TR-004594,TR-C02385,2024-09-22,0,0.011938602787861876,0.055156978787966736
TR-005240,TR-C02977,2024-09-22,0,0.01602670537281475,0.056349146998661254
TR-005410,TR-C01844,2024-09-22,0,0.022026808393858444,0.0581428300848168
TR-006808,TR-C03011,2024-09-22,0,0.020205024882485274,0.0575926319896324
TR-007583,TR-C00115,2024-09-22,0,0.027577707142367902,0.059849808743237226
TR-009368,TR-C03723,2024-09-22,0,0.02027719491530489,0.057614334820317706
TR-001456,TR-C00160,2024-09-23,1,0.03689256931335262,0.06282005411709032
TR-001959,TR-C06462,2024-09-23,0,0.07175072820494229,0.07519478252979321
TR-002814,TR-C01691,2024-09-23,1,0.3831934115312514,0.31340706198748636
TR-002962,TR-C04270,2024-09-23,0,0.01762286515369103,0.056821162505221255
TR-003688,TR-C03976,2024-09-23,0,0.11151381328900516,0.09201883200142606
TR-004973,TR-C00136,2024-09-23,0,0.029773787019453882,0.060538003777941274
TR-005317,TR-C03597,2024-09-23,0,0.13168929451216277,0.1017923214527677
TR-006656,TR-C01765,2024-09-23,0,0.035851380698581,0.06248134034675229
TR-007457,TR-C03517,2024-09-23,0,0.028687816547211482,0.06019676808801157
TR-007711,TR-C03767,2024-09-23,0,0.049233260547309386,0.06696712111268473
TR-008380,TR-C00631,2024-09-23,0,0.058055557696404726,0.07008614499816607
TR-008600,TR-C00400,2024-09-23,0,0.005962186180341099,0.05345681954325094
TR-008780,TR-C06095,2024-09-23,0,0.02761121957350035,0.0598602554280675
TR-009605,TR-C05629,2024-09-23,0,0.12318662048093702,0.09756587512718021
TR-000937,TR-C05811,2024-09-24,0,0.08374850316485023,0.07994911390062277
TR-004663,TR-C05960,2024-09-24,1,0.13102310927004976,0.10145540236359774
TR-004811,TR-C05413,2024-09-24,0,0.06555900953035321,0.07284405651537189
TR-004862,TR-C04762,2024-09-24,0,0.015268270838628197,0.056126157476713005
TR-005188,TR-C02693,2024-09-24,0,0.1471007949295777,0.10986768403922907
TR-005358,TR-C02299,2024-09-24,0,0.026654070682269593,0.05956255861037944
TR-005764,TR-C05828,2024-09-24,0,0.06070891582704247,0.07105018046560128
TR-007795,TR-C01313,2024-09-24,1,0.6505821196008797,0.6675185652852337
TR-008098,TR-C05967,2024-09-24,0,0.04010398289819384,0.06387559226401406
TR-008158,TR-C03231,2024-09-24,0,0.010463571677770839,0.054732691285861335
TR-002260,TR-C03419,2024-09-25,0,0.009875208816913455,0.05456431010144227
TR-002512,TR-C03507,2024-09-25,0,0.40012472141397487,0.33393379052689026
TR-004036,TR-C02869,2024-09-25,0,0.052191201372123304,0.06799823797727378
TR-005904,TR-C00945,2024-09-25,0,0.03659073890390754,0.06272168836673041
TR-007094,TR-C03331,2024-09-25,0,0.05567689511258115,0.06923220911799326
TR-007620,TR-C01175,2024-09-25,0,0.02993354468626741,0.06058835557756147
TR-008502,TR-C03238,2024-09-25,0,0.08302307189731403,0.07965401623144938
TR-009656,TR-C04298,2024-09-25,0,0.04316182493906899,0.06489599228065206
TR-009698,TR-C04644,2024-09-25,0,0.8251446302980943,0.8407724414501784
TR-000412,TR-C05237,2024-09-26,0,0.3854462275842269,0.3160987067544134
TR-000916,TR-C01531,2024-09-26,0,0.005588137224963489,0.053352071179120386
TR-004544,TR-C00317,2024-09-26,0,0.0031821000149933557,0.05268290336495116
TR-004970,TR-C01045,2024-09-26,0,0.018413629687270536,0.057056381099627185
TR-004986,TR-C05086,2024-09-26,0,0.008757667364651394,0.054245828728044926
TR-005248,TR-C05212,2024-09-26,0,0.08086186815738076,0.07878075067959588
TR-006185,TR-C05938,2024-09-26,0,0.8240549865635465,0.8399626909575195
TR-006974,TR-C03657,2024-09-26,0,0.005262920010889734,0.053261155052626956
TR-008671,TR-C03120,2024-09-26,0,0.028594024185283777,0.06016738107748681
TR-000504,TR-C00955,2024-09-27,0,0.024839175061978937,0.05900188579689627
TR-001136,TR-C00993,2024-09-27,0,0.00807118885446338,0.05405106299634604
TR-001776,TR-C03470,2024-09-27,0,0.024343619089875923,0.05884965633686996
TR-002666,TR-C01216,2024-09-27,0,0.02893720605249915,0.06027497213609294
TR-007293,TR-C01905,2024-09-27,0,0.16258363497652542,0.1185404483773681
TR-007418,TR-C00801,2024-09-27,0,0.15548035451902742,0.11449022104401241
TR-007548,TR-C03370,2024-09-27,0,0.04210247445862979,0.06454078178110415
TR-008935,TR-C05030,2024-09-27,0,0.02969888896416901,0.06051441118180819
TR-008964,TR-C05516,2024-09-27,0,0.02242984191908533,0.05826521500788486
TR-000381,TR-C02096,2024-09-28,0,0.0963423393423994,0.08523352092541636
TR-002467,TR-C04803,2024-09-28,0,0.026770079231618747,0.05959856613315642
TR-004671,TR-C03404,2024-09-28,0,0.03801096073164084,0.06318579093331345
TR-004760,TR-C06084,2024-09-28,0,0.010758925499716892,0.05481740183794445
TR-005062,TR-C03412,2024-09-28,0,0.06797762083244754,0.07375412936670926
TR-006601,TR-C05951,2024-09-28,0,0.03665109283354025,0.06274134605387446
TR-008459,TR-C05456,2024-09-28,0,0.17690504811612434,0.1270840915481034
TR-008736,TR-C00360,2024-09-28,0,0.02380609184448924,0.058684950099227584
TR-008747,TR-C06020,2024-09-28,0,0.14211662047700063,0.10719643430730774
TR-000124,TR-C00503,2024-09-29,0,0.05446331810765003,0.06880025617100932
TR-001169,TR-C05502,2024-09-29,0,0.018268693936313966,0.05701320055720058
TR-003749,TR-C04047,2024-09-29,0,0.3369946551980809,0.2611190125240018
TR-005380,TR-C01796,2024-09-29,0,0.012135365348368534,0.05521381043533247
TR-007538,TR-C00628,2024-09-29,0,0.050960204032669654,0.06756734503399564
TR-008680,TR-C03133,2024-09-29,0,0.04463834462575348,0.06539411920621567
TR-008750,TR-C00295,2024-09-29,0,0.09482894224220655,0.08458213169218337
TR-002082,TR-C04540,2024-09-30,0,0.04494025255436968,0.06549640951035951
TR-002270,TR-C02004,2024-09-30,0,0.03528443845558287,0.06229762330751099
TR-003040,TR-C01954,2024-09-30,0,0.01717327390681166,0.056687834998078335
TR-003674,TR-C02918,2024-09-30,0,0.009708747041936486,0.054516759735074964
TR-003724,TR-C06215,2024-09-30,0,0.013911318545885874,0.05572926558888624
TR-007492,TR-C05457,2024-09-30,0,0.0352087991589692,0.06227315063533937
TR-009263,TR-C00210,2024-09-30,0,0.07155935491712992,0.07512109384894003
