fold,candidate,rows,positives,prevalence,roc_auc,average_precision,brier,log_loss,ece,bins,binning
1,LightGBM,732,62,0.08469945355191257,0.762084737602311,0.29628791456917486,0.0698333281071961,0.2599494496814563,0.03155747181715262,10,"fixed width, [lower, upper); final bin includes 1"
1,XGBoost,732,62,0.08469945355191257,0.7816080885893115,0.3251061862060512,0.06872614707353944,0.24890994447910794,0.022802579978765936,10,"fixed width, [lower, upper); final bin includes 1"
1,Logistic,732,62,0.08469945355191257,0.8266971593644679,0.3605765818684886,0.06541640914240689,0.230671626172443,0.014018357667866096,10,"fixed width, [lower, upper); final bin includes 1"
1,Equal,732,62,0.08469945355191257,0.8059460760712566,0.3348017947498122,0.06716661880493645,0.24072856342210333,0.01872215512313036,10,"fixed width, [lower, upper); final bin includes 1"
1,Weighted,732,62,0.08469945355191257,0.82130476649013,0.35899286843701855,0.06574540805759174,0.23288098274150051,0.012536823968856192,10,"fixed width, [lower, upper); final bin includes 1"
1,Stack,732,62,0.08469945355191257,0.8149494463168031,0.35065201638569254,0.06867993005238231,0.2528510337163835,0.031654284063360016,10,"fixed width, [lower, upper); final bin includes 1"
2,LightGBM,734,49,0.0667574931880109,0.8192760315805154,0.3787313815417468,0.05150175170905279,0.1925796523284303,0.009995430102006533,10,"fixed width, [lower, upper); final bin includes 1"
2,XGBoost,734,49,0.0667574931880109,0.8148964695367198,0.34980982697991464,0.052804834931611686,0.19696629291126175,0.0220318582424087,10,"fixed width, [lower, upper); final bin includes 1"
2,Logistic,734,49,0.0667574931880109,0.8321763741993148,0.42000421683901157,0.049928551907178945,0.18775585983614698,0.015373539588552074,10,"fixed width, [lower, upper); final bin includes 1"
2,Equal,734,49,0.0667574931880109,0.8290481155966036,0.3965092690920846,0.05071074556027657,0.1899376123293157,0.01922897741882636,10,"fixed width, [lower, upper); final bin includes 1"
2,Weighted,734,49,0.0667574931880109,0.8352152539848056,0.41689563388793477,0.04973751399820185,0.18686922365571085,0.016136119988250455,10,"fixed width, [lower, upper); final bin includes 1"
2,Stack,734,49,0.0667574931880109,0.8342022940563086,0.40821773275482415,0.05098555060208798,0.2014918408390352,0.03535198317615539,10,"fixed width, [lower, upper); final bin includes 1"
3,LightGBM,689,68,0.09869375907111756,0.8216822961068486,0.36145336426309393,0.0769105698016977,0.26481141586997087,0.02778468573716888,10,"fixed width, [lower, upper); final bin includes 1"
3,XGBoost,689,68,0.09869375907111756,0.8323150516245146,0.38297423169079026,0.07545899301100063,0.2589728648632143,0.023452514982599825,10,"fixed width, [lower, upper); final bin includes 1"
3,Logistic,689,68,0.09869375907111756,0.8294259732878658,0.3944018447577713,0.07445394910705648,0.25568327498169596,0.027067232161083137,10,"fixed width, [lower, upper); final bin includes 1"
3,Equal,689,68,0.09869375907111756,0.8341621672823718,0.383798704891251,0.07516245586971482,0.25706571270659145,0.023185458158429692,10,"fixed width, [lower, upper); final bin includes 1"
3,Weighted,689,68,0.09869375907111756,0.8340674434024818,0.39237443102103353,0.0744643834019166,0.254899840714508,0.02447263127675532,10,"fixed width, [lower, upper); final bin includes 1"
3,Stack,689,68,0.09869375907111756,0.8348015534716302,0.39054453000123446,0.07842233145823864,0.2744911929582654,0.02618047922636537,10,"fixed width, [lower, upper); final bin includes 1"
