bin,lower,upper,count,mean_probability,observed_rate,low_support,series
0,0.0,0.1,656,0.03751479117866102,0.04878048780487805,False,Raw
1,0.1,0.2,102,0.1411082105750374,0.19607843137254902,False,Raw
2,0.2,0.3,34,0.24528979343751695,0.23529411764705882,False,Raw
3,0.3,0.4,16,0.3534995864560043,0.375,True,Raw
4,0.4,0.5,13,0.443592516605653,0.46153846153846156,True,Raw
5,0.5,0.6,6,0.5390537255276812,0.3333333333333333,True,Raw
6,0.6,0.7,5,0.6529162179704219,0.6,True,Raw
7,0.7,0.8,1,0.7720157376611919,0.0,True,Raw
8,0.8,0.9,3,0.8238499578430533,0.3333333333333333,True,Raw
9,0.9,1.0,0,,,False,Raw
0,0.0,0.1,696,0.06522287599080824,0.05028735632183908,False,Sigmoid
1,0.1,0.2,90,0.13360841518424146,0.25555555555555554,False,Sigmoid
2,0.2,0.3,15,0.2336440894935182,0.3333333333333333,True,Sigmoid
3,0.3,0.4,15,0.3511088938336179,0.4666666666666667,True,Sigmoid
4,0.4,0.5,8,0.4358708910333702,0.375,True,Sigmoid
5,0.5,0.6,3,0.5599100215070311,0.3333333333333333,True,Sigmoid
6,0.6,0.7,4,0.659748314867866,0.75,True,Sigmoid
7,0.7,0.8,2,0.7530401611214732,0.0,True,Sigmoid
8,0.8,0.9,3,0.8398080997642375,0.3333333333333333,True,Sigmoid
9,0.9,1.0,0,,,False,Sigmoid
