feature,role,available_at,action
application_id,id,application_date,EXCLUDE_METADATA_OR_TARGET
customer_id,id,application_date,EXCLUDE_METADATA_OR_TARGET
application_date,split,application_date,EXCLUDE_METADATA_OR_TARGET
age,predictor,application_date,KEEP
income_sar,predictor,application_date,KEEP
loan_amount_sar,predictor,application_date,KEEP
tenor_months,predictor,application_date,KEEP
bureau_score,predictor,application_date,KEEP
dti,predictor,application_date,KEEP
months_employed,predictor,application_date,KEEP
recent_inquiries,predictor,application_date,KEEP
prior_defaults,predictor,application_date,KEEP
existing_obligations_sar,predictor,application_date,KEEP
savings_balance_sar,predictor,application_date,KEEP
salary_transfer,predictor,application_date,KEEP
credit_history_months,predictor,application_date,KEEP
utilization_ratio,predictor,application_date,KEEP
num_open_accounts,predictor,application_date,KEEP
residence_years,predictor,application_date,KEEP
region_central,predictor,application_date,KEEP
region_western,predictor,application_date,KEEP
region_eastern,predictor,application_date,KEEP
employment_government,predictor,application_date,KEEP
employment_private,predictor,application_date,KEEP
employment_self_employed,predictor,application_date,KEEP
default_within_90d,target,application_date + 90 days,EXCLUDE_METADATA_OR_TARGET
days_past_due_60,leak,after_application,DROP_POST_OUTCOME
collection_calls,leak,after_application,DROP_POST_OUTCOME
